"Name","Team","PA","BB%","K%","BB/K","AVG","OBP","SLG","OPS","ISO","Spd","BABIP","UBR","wGDP","wSB","wRC","wRAA","wOBA","wRC+","playerid"
"Victor Caratini","CHC","17","17.6%","23.5%","0.75",".571",".647","1.000","1.647",".429","1.4",".778","-0.1","0.0","0.0","7","4.9",".655","314","14968"
"Charlie Culberson","ATL","12","0.0%","33.3%","0.00",".417",".417","1.083","1.500",".667","2.5",".500","0.0","0.0","-0.4","4","2.9",".599","276","3298"
"Zack Greinke","ARI","19","5.3%","21.1%","0.25",".375",".412","1.000","1.412",".625","5.1",".400","","","0.0","6","3.8",".553","246","1943"
"Cody Bellinger","LAD","132","14.4%","11.4%","1.27",".431",".508",".890","1.397",".459","5.5",".398","0.0","0.2","-0.4","42","25.9",".547","247","15998"
"Alex Avila","ARI","21","28.6%","23.8%","1.20",".333",".524",".800","1.324",".467","1.6",".375","-0.2","-0.2","0.0","6","3.5",".514","221","7476"
"Trea Turner","WSN","15","6.7%","33.3%","0.20",".357",".400",".857","1.257",".500","7.5",".429","0.1","0.0","0.8","4","2.4",".502","213","16252"
"Christian Yelich","MIL","124","16.1%","16.1%","1.00",".353",".460",".804","1.264",".451","5.0",".319","0.7","0.1","1.1","34","18.4",".492","207","11477"
"Scott Kingery","PHI","35","2.9%","14.3%","0.20",".406",".457",".719","1.176",".313","4.4",".440","0.2","0.1","0.2","9","5.0",".485","202","17975"
"Brandon Woodruff","MIL","12","8.3%","50.0%","0.17",".455",".500",".636","1.136",".182","0.6","1.000","","","0.0","3","1.6",".478","198","16162"
"Daniel Vogelbach","SEA","93","21.5%","21.5%","1.00",".310",".462",".732","1.195",".423","0.8",".318","-0.2","0.3","-0.1","24","12.6",".476","209","14130"
"Lane Thomas","STL","11","9.1%","9.1%","1.00",".400",".455",".700","1.155",".300","4.3",".375","0.0","0.0","0.2","3","1.5",".476","202","16939"
"Bryan Reynolds","PIT","26","0.0%","23.1%","0.00",".423",".423",".731","1.154",".308","0.1",".526","0.0","0.0","0.0","7","3.5",".476","199","19326"
"Eric Sogard","TOR","49","10.2%","10.2%","1.00",".395",".458",".698","1.156",".302","4.7",".400","0.1","0.1","0.4","13","6.6",".476","204","7927"
"Anthony Rendon","WSN","86","10.5%","17.4%","0.60",".356",".442",".740","1.182",".384","2.6",".377","0.1","-0.1","0.0","22","11.4",".473","194","12861"
"Mitch Garver","MIN","50","8.0%","26.0%","0.31",".348",".400",".761","1.161",".413","2.0",".393","-0.2","0.1","0.0","13","6.4",".468","198","15161"
"Tom Murphy","SEA","30","10.0%","36.7%","0.27",".370",".433",".704","1.137",".333","0.1",".571","0.0","0.1","0.0","8","3.8",".465","201","13499"
"Terrance Gore","KCR","17","5.9%","29.4%","0.20",".438",".471",".625","1.096",".188","8.3",".636","0.1","0.2","-0.5","4","2.0",".458","190","13658"
"Hunter Dozier","KCR","103","14.6%","17.5%","0.83",".349",".447",".686","1.133",".337","3.7",".371","-0.3","0.1","-0.5","25","12.3",".458","189","15117"
"Austin Meadows","TBR","83","9.6%","21.7%","0.44",".351",".422",".676","1.097",".324","6.3",".400","-0.4","0.4","0.6","19","8.9",".444","187","15672"
"Michael Chavis","BOS","39","15.4%","25.6%","0.60",".313",".436",".625","1.061",".313","3.2",".368","-0.2","0.0","-0.3","9","4.0",".439","174","17321"
"Tim Locastro","ARI","16","12.5%","31.3%","0.40",".364",".563",".364",".926",".000","7.1",".667","0.1","0.1","0.4","4","1.6",".439","171","15124"
"Giancarlo Stanton","NYY","15","46.7%","26.7%","1.75",".250",".600",".250",".850",".000","0.2",".500","-0.1","0.0","0.0","3","1.5",".438","179","4949"
"Joey Gallo","TEX","109","19.3%","34.9%","0.55",".264",".404",".678","1.082",".414","3.9",".325","0.6","0.4","-0.1","24","10.5",".431","165","14128"
"Mike Trout","LAA","119","24.4%","11.8%","2.07",".294",".487",".565","1.052",".271","3.9",".288","0.7","0.5","0.3","26","11.1",".428","171","10155"
"Willson Contreras","CHC","98","13.3%","28.6%","0.46",".288",".418",".625","1.043",".338","2.8",".356","0.1","0.2","-0.7","21","9.1",".427","165","11609"
"Elvis Andrus","TEX","120","8.3%","19.2%","0.43",".361",".425",".583","1.008",".222","6.4",".425","0.5","-0.3","0.7","26","10.6",".422","159","8709"
"Tim Anderson","CHW","99","2.0%","21.2%","0.10",".375",".394",".615","1.009",".240","7.0",".435","0.2","-0.1","1.9","21","8.5",".420","167","15172"
"Trey Mancini","BAL","121","8.3%","20.7%","0.40",".355",".405",".618","1.023",".264","2.0",".413","0.1","-0.4","-0.1","26","10.4",".420","164","15149"
"Dominic Smith","NYM","34","17.6%","17.6%","1.00",".370",".500",".444",".944",".074","2.3",".476","-0.1","-0.1","0.0","7","2.9",".419","167","15653"
"Paul DeJong","STL","129","7.8%","17.1%","0.45",".342",".403",".607","1.010",".265","6.5",".389","0.6","0.0","0.3","27","11.0",".419","164","18015"
"Pete Alonso","NYM","123","11.4%","28.5%","0.40",".292",".382",".642","1.024",".349","3.4",".349","-0.4","0.0","-0.1","26","10.2",".416","165","19251"
"Rhys Hoskins","PHI","128","16.4%","25.8%","0.64",".279",".414",".587","1.001",".308","3.6",".333","-0.4","0.1","-0.5","27","10.6",".415","157","16472"
"Brian Goodwin","LAA","95","12.6%","21.1%","0.60",".338",".426",".575","1.001",".238","4.2",".404","0.1","0.3","-0.1","20","7.7",".414","161","12858"
"Shin-Soo Choo","TEX","117","11.1%","18.8%","0.59",".333",".419",".569",".987",".235","6.4",".403","0.1","0.2","-0.1","24","9.4",".413","152","3174"
"Jeff McNeil","NYM","116","8.6%","9.5%","0.91",".370",".457",".500",".957",".130","3.8",".409","-0.5","0.3","-1.4","23","8.8",".408","160","15362"
"Christian Walker","ARI","113","10.6%","29.2%","0.36",".307",".381",".614",".994",".307","4.3",".393","0.4","0.0","0.5","23","8.4",".406","150","13419"
"Jorge Polanco","MIN","113","9.7%","15.9%","0.61",".320",".389",".600",".989",".280","4.2",".346","0.6","0.1","-0.5","23","8.4",".406","156","13152"
"Howie Kendrick","WSN","63","12.7%","14.3%","0.89",".314",".397",".608","1.005",".294","1.7",".293","-0.1","-0.2","0.0","13","4.6",".404","149","4229"
"Alex Verdugo","LAD","72","4.2%","11.1%","0.38",".333",".361",".623",".984",".290","3.2",".333","0.1","0.0","0.0","14","5.2",".404","153","17027"
"Yandy Diaz","TBR","114","14.9%","17.5%","0.85",".298",".395",".596",".990",".298","4.9",".300","0.5","-0.4","0.1","23","8.2",".403","160","16578"
"Tyler Flowers","ATL","59","6.8%","30.5%","0.22",".340",".407",".547",".954",".208","3.3",".469","-0.4","0.0","0.0","12","4.2",".402","147","9134"
"Russell Martin","LAD","27","18.5%","11.1%","1.67",".300",".444",".500",".944",".200","2.6",".294","0.0","0.1","0.0","5","1.9",".400","151","4616"
"Nelson Cruz","MIN","91","11.0%","25.3%","0.43",".295",".396",".564",".960",".269","1.5",".360","-0.5","-0.2","-0.1","18","6.1",".398","151","2434"
"James McCann","CHW","60","6.7%","21.7%","0.31",".357",".400",".536",".936",".179","4.8",".439","0.1","0.0","0.4","11","3.9",".395","150","12859"
"Joc Pederson","LAD","110","10.9%","19.1%","0.57",".239",".355",".620",".974",".380","5.1",".194","0.0","0.1","-0.1","21","7.1",".394","147","11899"
"Gary Sanchez","NYY","67","7.5%","26.9%","0.28",".233",".313",".667",".980",".433","0.7",".176","-0.3","0.2","0.0","13","4.2",".393","148","11442"
"Clint Frazier","NYY","73","4.1%","21.9%","0.19",".324",".342",".632",".975",".309","0.8",".333","-0.4","0.3","0.0","14","4.6",".393","148","15983"
"Yoan Moncada","CHW","115","7.8%","22.6%","0.35",".314",".374",".571",".945",".257","5.7",".370","0.1","0.6","-0.5","22","7.2",".392","148","17232"
"Freddie Freeman","ATL","133","15.8%","18.0%","0.88",".300",".421",".500",".921",".200","2.2",".346","0.1","-0.1","-0.5","25","8.3",".392","140","5361"
"Ronny Rodriguez","DET","32","6.3%","25.0%","0.25",".276",".313",".690","1.002",".414","7.9",".300","0.1","0.1","-0.2","6","2.0",".391","146","11875"
"Matt Chapman","OAK","131","12.2%","12.2%","1.00",".282",".382",".564",".945",".282","1.1",".261","0.1","0.2","-0.5","24","8.0",".390","150","16505"
"Jason Heyward","CHC","101","16.8%","13.9%","1.21",".309",".426",".506",".932",".198","4.6",".313","0.5","-0.1","0.7","19","6.0",".389","140","4940"
"J.D. Davis","NYM","74","14.9%","16.2%","0.92",".302",".405",".508",".913",".206","1.6",".333","-0.3","-0.2","-0.1","14","4.4",".388","147","16219"
"Alex Gordon","KCR","124","9.7%","11.3%","0.86",".301",".395",".544",".939",".243","1.7",".299","0.0","-0.3","-0.1","23","7.3",".388","142","5209"
"Marcell Ozuna","STL","114","11.4%","21.9%","0.52",".260",".351",".610",".961",".350","5.8",".246","0.5","-0.5","0.5","21","6.6",".387","144","10324"
"Luke Voit","NYY","130","13.8%","23.8%","0.58",".275",".392",".523",".915",".248","1.5",".314","-0.8","-0.1","-0.1","24","7.5",".387","144","14811"
"Aaron Judge","NYY","89","15.7%","29.2%","0.54",".288",".404",".521",".925",".233","3.2",".372","0.3","-0.1","-0.1","16","5.1",".386","144","15640"
"Josh Bell","PIT","113","10.6%","23.9%","0.44",".286",".363",".592",".955",".306","4.4",".328","-0.8","0.0","-0.5","21","6.4",".386","139","13145"
"Gio Urshela","NYY","66","7.6%","13.6%","0.56",".345",".409",".500",".909",".155","3.8",".388","-0.2","-0.1","0.2","12","3.7",".385","143","10681"
"Javier Baez","CHC","123","5.7%","26.8%","0.21",".302",".341",".612",".954",".310","6.0",".351","0.7","-0.2","-0.1","22","6.9",".385","137","12979"
"Michael Conforto","NYM","129","17.1%","22.5%","0.76",".269",".403",".519",".922",".250","4.0",".314","0.1","0.1","0.3","23","7.2",".384","144","16376"
"Eduardo Escobar","ARI","124","8.9%","21.8%","0.41",".303",".379",".541",".920",".239","3.5",".359","0.0","0.4","-0.5","22","6.8",".384","135","6153"
"George Springer","HOU","135","11.9%","25.9%","0.46",".274",".363",".564",".927",".291","3.9",".311","0.5","-0.3","0.1","24","7.3",".383","143","12856"
"Carlos Correa","HOU","116","8.6%","26.7%","0.32",".298",".362",".558",".920",".260","2.5",".368","0.4","-0.2","0.1","21","6.1",".380","142","14162"
"Jarrod Dyson","ARI","75","13.3%","16.0%","0.83",".313",".400",".500",".900",".188","6.8",".340","0.6","0.2","0.1","13","3.9",".380","133","4866"
"Alex Bregman","HOU","122","18.0%","14.8%","1.22",".271",".410",".479",".889",".208","3.3",".280","-0.6","0.2","0.3","22","6.3",".380","141","17678"
"Mookie Betts","BOS","132","13.6%","14.4%","0.95",".295",".394",".527",".921",".232","3.5",".307","0.8","0.0","0.1","23","6.8",".380","134","13611"
"Josh Donaldson","ATL","119","17.6%","26.9%","0.66",".258",".395",".495",".890",".237","2.3",".333","-0.5","0.1","-0.5","21","6.1",".379","132","5038"
"Max Kepler","MIN","102","10.8%","17.6%","0.61",".278",".353",".567",".920",".289","2.1",".273","-0.1","0.2","-0.9","18","5.1",".378","137","12144"
"Tommy Pham","TBR","125","16.8%","15.2%","1.11",".294",".416",".461",".877",".167","6.2",".325","0.0","-0.4","0.2","22","6.3",".378","143","2967"
"Matt Joyce","ATL","30","10.0%","26.7%","0.38",".259",".333",".593",".926",".333","0.3",".294","-0.1","0.1","0.0","5","1.5",".378","131","3353"
"Fernando Tatis Jr.","SDP","111","7.2%","28.8%","0.25",".300",".360",".550",".910",".250","6.4",".381","0.5","0.2","0.3","19","5.5",".377","137","19709"
"Brandon Lowe","TBR","100","8.0%","33.0%","0.24",".289",".350",".567",".917",".278","7.6",".385","0.8","0.6","0.5","17","4.9",".377","142","18882"
"Josh Reddick","HOU","99","8.1%","11.1%","0.73",".352",".404",".484",".888",".132","2.3",".377","-0.1","0.2","-0.3","17","4.9",".377","139","3892"
"Zack Wheeler","NYM","13","0.0%","38.5%","0.00",".308",".308",".615",".923",".308","2.6",".429","","","0.0","2","0.6",".377","139","10310"
"Mike Moustakas","MIL","102","10.8%","20.6%","0.52",".267",".353",".556",".908",".289","3.1",".274","-0.5","0.0","0.1","18","5.0",".377","131","4892"
"Pedro Severino","BAL","47","8.5%","21.3%","0.40",".262",".340",".571",".912",".310","0.1",".250","-0.4","0.1","0.0","8","2.3",".376","134","14523"
"Ronald Acuna Jr.","ATL","128","14.1%","21.9%","0.64",".276",".392",".495",".887",".219","5.4",".324","0.8","0.1","0.3","22","6.1",".375","129","18401"
"Eric Thames","MIL","63","7.9%","34.9%","0.23",".273",".349",".564",".913",".291","1.6",".345","0.1","0.3","0.0","11","3.0",".375","130","3711"
"David Dahl","COL","89","6.7%","31.5%","0.21",".321",".364",".543",".907",".222","4.9",".462","0.0","0.3","-0.9","15","4.2",".375","119","13744"
"Michael Brantley","HOU","129","7.0%","10.9%","0.64",".331",".380",".517",".897",".186","3.6",".340","0.4","-0.3","0.1","22","6.1",".374","138","4106"
"Cameron Maybin","NYY","13","15.4%","15.4%","1.00",".364",".462",".364",".825",".000","2.9",".444","0.1","0.0","-0.4","2","0.6",".374","135","5223"
"Carlos Santana","CLE","114","15.8%","15.8%","1.00",".316",".430",".463",".893",".147","3.3",".365","0.3","-0.1","0.1","20","5.3",".374","134","2396"
"Franchy Cordero","SDP","20","20.0%","35.0%","0.57",".333",".450",".400",".850",".067","4.5",".556","0.5","0.1","0.2","3","0.9",".373","134","14567"
"J.D. Martinez","BOS","120","10.0%","14.2%","0.71",".324",".400",".495",".895",".171","2.9",".353","-0.5","-0.3","0.1","21","5.4",".372","129","6184"
"Tommy La Stella","LAA","90","11.1%","5.6%","2.00",".250",".352",".539",".892",".289","1.8",".188","0.2","-0.2","-0.1","15","4.0",".372","133","12371"
"Omar Narvaez","SEA","101","12.9%","19.8%","0.65",".291",".386",".488",".875",".198","2.4",".323","-0.4","0.2","-0.1","17","4.5",".371","137","13338"
"Danny Santana","TEX","63","1.6%","25.4%","0.06",".339",".355",".542",".897",".203","9.3",".429","0.3","0.0","0.5","11","2.8",".371","124","10322"
"Nick Markakis","ATL","121","12.4%","13.2%","0.94",".330",".405",".476",".881",".146","1.6",".364","-0.5","-0.1","-0.1","21","5.3",".371","127","5930"
"Jean Segura","PHI","83","6.0%","13.3%","0.45",".329",".386",".487",".872",".158","7.2",".375","0.6","0.0","0.1","14","3.6",".371","128","5933"
"Ji-Man Choi","TBR","80","12.5%","20.0%","0.63",".299",".400",".463",".863",".164","4.9",".373","0.2","0.2","-0.7","13","3.4",".369","137","5452"
"Dexter Fowler","STL","94","12.8%","21.3%","0.60",".313",".415",".425",".840",".113","2.4",".407","0.0","0.1","-0.7","16","3.9",".368","131","4062"
"David Peralta","ARI","132","5.3%","24.2%","0.22",".317",".356",".537",".893",".220","3.3",".398","-0.3","-0.2","-0.1","22","5.5",".368","125","2136"
"David Bote","CHC","74","9.5%","20.3%","0.47",".277",".365",".508",".873",".231","1.8",".319","0.6","-0.2","0.0","12","3.1",".368","126","14593"
"Tim Beckham","SEA","122","9.0%","30.3%","0.30",".282",".352",".527",".880",".245","2.8",".373","-0.4","0.0","-0.7","20","5.0",".367","135","7949"
"Brian McCann","ATL","48","12.5%","8.3%","1.50",".325",".417",".450",".867",".125","0.1",".333","-0.2","-0.1","0.0","8","1.9",".367","124","4810"
"Edwin Encarnacion","SEA","125","15.2%","19.2%","0.79",".238",".376",".485",".861",".248","2.3",".229","0.2","0.1","-0.5","21","5.0",".366","134","2151"
"Marcus Semien","OAK","139","11.5%","12.9%","0.89",".311",".388",".475",".864",".164","2.5",".337","0.8","-0.1","-0.8","23","5.5",".366","133","12533"
"Anthony Rizzo","CHC","124","12.9%","16.1%","0.80",".228",".371",".485",".856",".257","5.8",".227","-1.1","0.0","0.1","20","4.8",".365","124","3473"
"Jose Martinez","STL","82","4.9%","18.3%","0.27",".364",".390",".468",".858",".104","3.9",".435","0.1","-0.3","0.1","14","3.2",".365","129","7996"
"Justin Smoak","TOR","109","14.7%","22.0%","0.67",".264",".385",".462",".847",".198","1.3",".306","-0.6","-0.3","-0.1","18","4.2",".365","129","9054"
"Bryce Harper","PHI","129","17.8%","29.5%","0.61",".240",".388",".490",".878",".250","2.9",".317","-0.6","0.3","0.1","21","4.9",".364","123","11579"
"Kolten Wong","STL","113","14.2%","15.0%","0.94",".272",".398",".467",".866",".196","6.6",".292","0.5","0.4","0.9","18","4.2",".363","128","12532"
"Hunter Pence","TEX","62","8.1%","16.1%","0.50",".304",".355",".518",".873",".214","4.2",".318","0.3","0.2","-0.3","10","2.3",".363","118","8252"
"Sean Rodriguez","PHI","15","6.7%","20.0%","0.33",".231",".286",".615",".901",".385","1.6",".222","0.0","0.0","0.0","2","0.5",".362","122","6589"
"Ronald Guzman","TEX","28","7.1%","35.7%","0.20",".231",".286",".615",".901",".385","4.0",".286","-0.3","0.0","-0.4","5","1.0",".362","118","14388"
"David Freese","LAD","53","18.9%","18.9%","1.00",".233",".377",".465",".842",".233","1.6",".258","-0.5","-0.1","0.0","9","1.9",".361","125","9549"
"Adam Jones","ARI","126","7.1%","14.3%","0.50",".286",".360",".500",".860",".214","1.5",".303","0.0","-0.4","-0.5","20","4.4",".360","120","6368"
"Paul Goldschmidt","STL","132","11.4%","25.8%","0.44",".259",".348",".517",".866",".259","1.8",".288","0.4","0.3","-0.1","21","4.6",".360","126","9218"
"Logan Forsythe","TEX","94","12.8%","23.4%","0.55",".278",".376",".468",".845",".190","3.6",".345","-0.1","0.0","0.1","15","3.2",".359","116","7185"
"Yasmani Grandal","MIL","104","9.6%","22.1%","0.43",".283",".356",".500",".856",".217","4.8",".313","-0.8","-0.1","0.5","17","3.5",".359","120","11368"
"Trevor Story","COL","131","6.9%","25.2%","0.27",".280",".344",".517",".860",".237","6.9",".329","0.5","0.5","0.3","21","4.4",".358","108","12564"
"Eddie Rosario","MIN","112","6.3%","16.1%","0.39",".238",".286",".600",".886",".362","2.2",".184","-0.1","0.1","0.0","18","3.7",".358","124","12155"
"Daniel Murphy","COL","38","13.2%","5.3%","2.50",".242",".342",".515",".857",".273","2.4",".207","0.0","0.0","0.0","6","1.2",".358","107","4316"
"John Hicks","DET","54","9.3%","24.1%","0.38",".306",".370",".469",".840",".163","2.9",".400","-0.5","0.0","0.2","9","1.7",".357","123","12547"
"Robinson Chirinos","HOU","85","11.8%","28.2%","0.42",".261",".361",".493",".854",".232","1.8",".341","-0.1","-0.1","0.0","13","2.7",".357","126","3142"
"Juan Soto","WSN","125","15.2%","25.6%","0.59",".248",".368",".467",".835",".219","4.1",".299","-0.5","0.1","0.5","20","4.0",".357","118","20123"
"Willians Astudillo","MIN","53","1.9%","1.9%","1.00",".327",".340",".531",".870",".204","2.6",".292","-0.3","-0.3","0.0","8","1.6",".356","122","15608"
"Brandon Belt","SFG","114","13.2%","23.7%","0.56",".237",".351",".495",".846",".258","4.8",".277","-0.5","0.4","-0.3","18","3.5",".356","122","10264"
"Domingo Santana","SEA","146","9.6%","26.0%","0.37",".292",".359",".485",".843",".192","4.0",".368","0.2","-0.1","0.7","23","4.5",".356","127","10348"
"Andrew McCutchen","PHI","131","17.6%","24.4%","0.72",".241",".374",".454",".828",".213","5.7",".296","-0.1","0.3","0.1","21","4.0",".356","118","9847"
"Ozzie Albies","ATL","132","7.6%","15.9%","0.48",".289",".348",".496",".844",".207","5.9",".309","0.3","0.4","-0.3","21","4.0",".355","116","16556"
"Jose Abreu","CHW","117","9.4%","23.1%","0.41",".279",".350",".500",".850",".221","4.0",".329","-0.5","-0.3","0.3","18","3.4",".353","121","15676"
"Ryan Cordell","CHW","42","11.9%","26.2%","0.45",".250",".357",".472",".829",".222","4.6",".304","-0.1","0.1","0.2","6","1.2",".353","121","15181"
"Harrison Bader","STL","63","14.3%","31.7%","0.45",".224",".387",".429",".816",".204","2.5",".308","-0.2","0.2","-0.9","10","1.8",".353","121","18030"
"Pablo Sandoval","SFG","46","0.0%","26.1%","0.00",".283",".283",".587",".870",".304","2.6",".344","-0.1","0.0","0.0","7","1.3",".353","120","5409"
"Melky Cabrera","PIT","88","3.4%","12.5%","0.27",".329",".352",".494",".846",".165","2.8",".352","-0.2","-0.3","0.2","14","2.5",".353","118","4022"
"Freddy Galvis","TOR","99","3.0%","21.2%","0.14",".313",".333",".510",".844",".198","3.6",".357","0.0","-0.1","-0.1","15","2.8",".352","121","6609"
"Mitch Haniger","SEA","142","9.2%","26.1%","0.35",".244",".331",".520",".851",".276","7.2",".284","-0.1","0.0","0.5","22","3.9",".351","124","14274"
"Enrique Hernandez","LAD","111","11.7%","23.4%","0.50",".258",".342",".505",".847",".247","3.2",".288","0.3","0.0","-0.1","17","2.9",".350","118","10472"
"Dansby Swanson","ATL","112","10.7%","22.3%","0.48",".260",".339",".521",".860",".260","5.9",".290","0.6","0.3","-0.1","17","2.9",".350","113","18314"
"Niko Goodrum","DET","98","17.3%","22.4%","0.77",".238",".367",".450",".817",".213","3.9",".286","1.1","0.1","0.1","15","2.5",".349","118","12092"
"Xander Bogaerts","BOS","123","12.2%","21.1%","0.58",".271",".358",".467",".825",".196","1.7",".321","0.0","0.3","-0.1","19","3.1",".349","114","12161"
"Jose Altuve","HOU","128","10.9%","16.4%","0.67",".248",".328",".513",".841",".265","1.6",".226","-0.1","-0.7","-0.7","19","3.2",".349","120","5417"
"Troy Tulowitzki","NYY","13","15.4%","30.8%","0.50",".182",".308",".545",".853",".364","0.1",".167","0.0","-0.3","0.0","2","0.3",".349","118","3531"
"Hunter Renfroe","SDP","82","7.3%","23.2%","0.32",".240",".293",".573",".866",".333","5.3",".235","-0.3","0.1","0.2","12","2.1",".349","118","15464"
"Chad Wallach","MIA","34","14.7%","23.5%","0.63",".276",".382",".414",".796",".138","1.1",".350","-0.1","0.1","0.0","5","0.8",".348","118","17161"
"Derek Dietrich","CIN","65","9.2%","20.0%","0.46",".204",".323",".537",".860",".333","4.6",".162","0.2","0.2","-0.5","10","1.6",".348","109","10542"
"Kevin Plawecki","CLE","33","18.2%","18.2%","1.00",".222",".364",".444",".808",".222","0.7",".250","-0.1","-0.1","0.0","5","0.8",".348","117","13807"
"Brandon Dixon","DET","19","5.3%","36.8%","0.14",".333",".368",".444",".813",".111","0.1",".545","0.0","0.0","0.0","3","0.5",".347","117","15214"
"Kelvin Gutierrez","KCR","12","8.3%","16.7%","0.50",".364",".417",".364",".780",".000","0.8",".444","0.0","0.0","0.0","2","0.3",".347","115","17468"
"Raimel Tapia","COL","72","5.6%","30.6%","0.18",".265",".306",".544",".850",".279","4.0",".349","-0.3","0.3","-0.9","11","1.7",".347","100","14350"
"Jorge Alfaro","MIA","83","3.6%","37.3%","0.10",".286",".337",".481",".818",".195","1.8",".415","-0.6","-0.2","-0.9","12","1.9",".346","117","12180"
"Gordon Beckham","DET","47","10.6%","38.3%","0.28",".220",".319",".512",".831",".293","4.9",".300","0.1","-0.1","0.2","7","1.0",".346","115","9015"
"Ben Gamel","MIL","65","13.8%","30.8%","0.45",".273",".385",".418",".803",".145","3.4",".412","0.3","0.3","-0.3","10","1.4",".345","111","12160"
"Phillip Ervin","CIN","13","23.1%","38.5%","0.60",".200",".385",".400",".785",".200","4.9",".400","0.1","0.0","-0.4","2","0.3",".344","106","14738"
"Matt Adams","WSN","54","3.7%","35.2%","0.11",".275",".296",".549",".845",".275","1.0",".367","-0.1","0.0","0.0","8","1.1",".343","109","9393"
"Whit Merrifield","KCR","130","8.5%","15.4%","0.55",".288",".346",".483",".829",".195","7.6",".316","0.2","0.2","0.1","19","2.5",".342","111","11281"
"John Ryan Murphy","ARI","41","12.2%","31.7%","0.38",".222",".317",".500",".817",".278","2.0",".250","0.2","0.2","0.0","6","0.7",".341","107","10346"
"Franmil Reyes","SDP","91","7.7%","22.0%","0.35",".232",".286",".561",".847",".329","0.1",".196","-0.1","-0.4","0.0","13","1.6",".340","113","14566"
"Jason Castro","MIN","39","20.5%","23.1%","0.89",".194",".359",".419",".778",".226","2.1",".200","-0.3","0.2","0.0","6","0.6",".339","111","8722"
"Dwight Smith Jr.","BAL","114","6.1%","17.5%","0.35",".276",".325",".486",".810",".210","5.6",".296","-0.2","-0.1","0.5","16","1.8",".338","109","13473"
"Kevan Smith","LAA","47","8.5%","12.8%","0.67",".268",".362",".415",".776",".146","2.2",".294","-0.1","-0.3","0.0","7","0.7",".338","110","12284"
"Jesse Winker","CIN","103","9.7%","18.4%","0.53",".228",".311",".511",".822",".283","2.6",".200","-0.4","-0.4","-0.5","15","1.6",".338","102","13590"
"DJ LeMahieu","NYY","113","7.1%","13.3%","0.53",".310",".363",".430",".793",".120","5.0",".345","0.1","-0.2","0.3","16","1.7",".337","111","9874"
"Mitch Moreland","BOS","100","10.0%","20.0%","0.50",".213",".290",".539",".829",".326","1.0",".177","-0.1","-0.5","0.0","14","1.5",".337","105","3086"
"Max Muncy","LAD","110","13.6%","29.1%","0.47",".247",".345",".462",".808",".215","2.7",".310","0.4","0.4","-0.1","15","1.6",".337","110","13301"
"Tyler Austin","- - -","34","17.6%","44.1%","0.40",".286",".412",".321",".733",".036","2.2",".615","0.4","0.1","0.0","5","0.5",".337","110","11850"
"Kris Bryant","CHC","121","12.4%","18.2%","0.68",".230",".355",".420",".775",".190","4.1",".263","0.6","0.0","0.1","17","1.7",".336","105","15429"
"Rafael Devers","BOS","118","11.9%","16.9%","0.70",".294",".385",".373",".757",".078","4.1",".366","0.5","0.3","-0.2","16","1.6",".335","104","17350"
"Eugenio Suarez","CIN","115","11.3%","23.5%","0.48",".230",".322",".490",".812",".260","1.0",".239","-1.1","0.1","-0.5","16","1.5",".335","101","12552"
"Mark Canha","OAK","53","20.8%","24.5%","0.85",".200",".377",".375",".752",".175","1.7",".231","-0.1","0.0","0.0","7","0.7",".335","112","11445"
"Jonathan Schoop","MIN","96","3.1%","20.8%","0.15",".267",".313",".489",".801",".222","2.2",".303","0.1","-0.2","0.0","13","1.2",".335","108","11265"
"Nolan Arenado","COL","129","7.0%","8.5%","0.82",".271",".318",".500",".818",".229","4.4",".252","0.6","0.0","-0.3","18","1.7",".335","92","9777"
"Jake Marisnick","HOU","49","6.1%","28.6%","0.21",".267",".327",".467",".793",".200","4.5",".345","0.1","0.1","-0.7","7","0.6",".335","111","11339"
"J.T. Realmuto","PHI","114","7.9%","21.1%","0.38",".280",".351",".440",".791",".160","2.7",".324","0.8","0.1","-0.5","16","1.3",".334","103","11739"
"Kyle Farmer","CIN","29","6.9%","20.7%","0.33",".200",".276",".560",".836",".360","1.8",".118","0.0","0.1","-0.4","4","0.3",".333","99","14813"
"Charlie Blackmon","COL","133","6.0%","16.5%","0.36",".279",".331",".459",".790",".180","5.7",".316","-0.3","-0.2","-0.1","18","1.4",".332","90","7859"
"Christin Stewart","DET","64","10.9%","25.0%","0.44",".222",".313",".519",".831",".296","3.2",".243","-0.6","0.2","0.0","9","0.7",".332","106","17714"
"Adalberto Mondesi","KCR","126","4.8%","27.0%","0.18",".287",".312",".504",".816",".217","8.4",".366","0.1","0.3","1.1","17","1.3",".331","104","13769"
"Joey Votto","CIN","110","13.6%","25.5%","0.54",".245",".355",".415",".769",".170","1.3",".317","-0.5","-0.3","-0.1","15","1.0",".330","98","4314"
"Nick Castellanos","DET","109","8.3%","28.4%","0.29",".273",".330",".455",".785",".182","5.7",".373","-0.2","0.1","0.1","15","0.9",".330","105","11737"
"Renato Nunez","BAL","117","6.0%","27.4%","0.22",".266",".316",".477",".793",".211","2.4",".324","0.0","0.1","-0.5","16","1.0",".330","103","14503"
"Neil Walker","MIA","88","10.2%","21.6%","0.47",".256",".341",".423",".764",".167","2.4",".304","-0.3","0.0","0.1","12","0.7",".329","106","7539"
"Adam Eaton","WSN","126","7.1%","19.8%","0.36",".296",".357",".400",".757",".104","6.2",".364","0.3","0.1","0.3","17","0.9",".329","100","11205"
"Colin Moran","PIT","63","11.1%","19.0%","0.58",".268",".349",".429",".778",".161","0.5",".310","-0.3","-0.1","0.0","8","0.5",".328","102","16909"
"Brandon Nimmo","NYM","105","14.3%","34.3%","0.42",".233",".365",".384",".749",".151","4.2",".362","0.3","0.3","0.1","14","0.8",".328","107","12927"
"Thairo Estrada","NYY","19","5.3%","21.1%","0.25",".353",".389",".353",".742",".000","4.1",".462","0.1","0.1","0.2","3","0.1",".328","104","16426"
"Tyler O'Neill","STL","34","2.9%","38.2%","0.08",".303",".324",".455",".778",".152","1.4",".474","0.0","0.0","0.0","5","0.2",".328","105","15711"
"Daniel Descalso","CHC","86","11.6%","24.4%","0.48",".263",".349",".408",".757",".145","3.0",".340","-0.4","0.1","-0.3","11","0.6",".328","100","8392"
"Maikel Franco","PHI","118","11.9%","10.2%","1.17",".252",".339",".505",".844",".252","1.0",".224","-0.3","-0.6","0.0","16","0.7",".327","99","12179"
"Corey Dickerson","PIT","16","18.8%","18.8%","1.00",".154",".313",".462",".774",".308","0.1",".111","0.1","0.0","0.0","2","0.1",".327","101","10762"
"Curt Casali","CIN","41","7.3%","29.3%","0.25",".289",".341",".421",".763",".132","0.9",".423","0.1","0.2","0.0","5","0.2",".326","95","12510"
"Michael Perez","TBR","41","14.6%","36.6%","0.40",".257",".366",".371",".737",".114","2.0",".450","-0.4","0.1","0.0","5","0.2",".326","108","12977"
"Victor Robles","WSN","114","4.4%","29.8%","0.15",".255",".301",".481",".782",".226","8.6",".328","0.3","0.3","0.9","15","0.6",".326","98","18363"
"Jay Bruce","SEA","103","9.7%","32.0%","0.30",".187",".272",".527",".799",".341","1.6",".160","0.2","0.3","0.0","13","0.4",".324","106","9892"
"Nomar Mazara","TEX","108","5.6%","18.5%","0.30",".242",".306",".465",".770",".222","4.0",".257","-0.2","0.2","0.0","14","0.3",".323","92","14553"
"David Fletcher","LAA","94","6.4%","4.3%","1.50",".307",".351",".409",".760",".102","6.2",".313","-0.2","0.1","0.3","12","0.3",".323","100","17992"
"Matt Wieters","STL","13","0.0%","30.8%","0.00",".364",".385",".364",".748",".000","3.0",".500","-0.1","0.0","-0.2","2","0.0",".323","102","4298"
"Andrew Benintendi","BOS","118","9.3%","22.9%","0.41",".265",".342",".412",".754",".147","5.2",".333","0.2","0.3","-0.1","15","0.3",".323","96","17901"
"Ketel Marte","ARI","125","6.4%","19.2%","0.33",".250",".296",".483",".779",".233","7.0",".264","0.6","0.1","0.5","16","0.2",".322","95","13613"
"Kevin Kiermaier","TBR","103","6.8%","21.4%","0.32",".266",".320",".457",".778",".191","7.4",".324","0.3","0.2","-0.3","13","0.1",".322","105","11038"
"Justin Turner","LAD","124","12.1%","18.5%","0.65",".279",".379",".337",".716",".058","1.1",".341","-0.4","0.2","-0.1","16","0.1",".321","99","5235"
"Chad Pinder","OAK","95","4.2%","17.9%","0.24",".281",".316",".449",".765",".169","2.8",".314","0.0","-0.2","-0.5","12","0.1",".321","103","15191"
"Robinson Cano","NYM","108","6.5%","20.4%","0.32",".270",".324",".430",".754",".160","0.7",".320","-0.1","-0.5","-0.1","14","0.1",".321","103","3269"
"Josh Phegley","OAK","68","2.9%","20.6%","0.14",".262",".294",".477",".771",".215","2.6",".292","-0.4","-0.3","0.0","9","0.1",".321","103","9308"
"Brett Gardner","NYY","120","11.7%","10.8%","1.08",".221",".325",".423",".748",".202","5.7",".209","0.5","0.3","0.1","15","0.1",".321","99","9927"
"Jose Rondon","CHW","43","4.7%","27.9%","0.17",".268",".302",".463",".766",".195","0.7",".333","-0.1","-0.1","0.0","5","0.0",".320","99","14140"
"Ryon Healy","SEA","130","8.5%","20.0%","0.42",".233",".300",".474",".774",".241","2.4",".253","-2.1","0.6","0.0","16","0.1",".320","103","15447"
"Asdrubal Cabrera","TEX","89","7.9%","23.6%","0.33",".235",".292",".481",".774",".247","2.0",".236","-0.6","0.1","0.0","11","0.0",".320","89","4962"
"Welington Castillo","CHW","60","15.0%","18.3%","0.82",".204",".350",".367",".717",".163","0.1",".222","-0.9","-0.3","0.0","8","0.0",".320","99","3256"
"Gleyber Torres","NYY","123","4.9%","22.8%","0.21",".272",".303",".465",".768",".193","4.8",".313","-0.1","0.0","0.5","15","-0.1",".319","98","16997"
"Stephen Piscotty","OAK","136","10.3%","22.8%","0.45",".256",".331",".413",".744",".157","4.3",".310","0.7","-0.5","0.1","17","-0.2",".318","101","13367"
"Lorenzo Cain","MIL","133","6.8%","16.5%","0.41",".273",".331",".413",".744",".140","4.7",".309","0.4","-0.3","-0.3","17","-0.2",".318","93","9077"
"Greg Garcia","SDP","35","17.1%","17.1%","1.00",".214",".343",".393",".736",".179","2.4",".227","0.1","0.1","0.0","4","-0.1",".318","98","10951"
"Brad Miller","CLE","40","10.0%","25.0%","0.40",".250",".325",".417",".742",".167","4.2",".320","-0.7","0.1","0.2","5","-0.1",".317","96","12775"
"Miguel Cabrera","DET","117","10.3%","26.5%","0.39",".282",".359",".359",".718",".078","0.9",".389","-1.1","-0.2","-0.1","14","-0.4",".316","96","1744"
"Andrelton Simmons","LAA","124","2.4%","8.9%","0.27",".289",".306",".446",".753",".157","4.1",".299","0.2","-1.0","0.1","15","-0.4",".316","95","10847"
"Richard Urena","TOR","35","2.9%","22.9%","0.13",".313",".333",".406",".740",".094","0.7",".417","-0.4","0.1","0.0","4","-0.1",".316","96","16411"
"Jorge Soler","KCR","120","7.5%","37.5%","0.20",".227",".283",".482",".765",".255","1.3",".305","0.0","-0.1","-0.5","15","-0.5",".316","93","14221"
"Tyler White","HOU","55","16.4%","34.5%","0.47",".261",".382",".304",".686",".043","0.7",".444","-0.2","0.0","0.0","7","-0.2",".315","98","15564"
"Byron Buxton","MIN","86","5.8%","25.6%","0.23",".250",".302",".463",".765",".213","8.8",".333","0.2","0.3","0.7","10","-0.4",".315","95","14161"
"Carlos Gonzalez","CLE","51","7.8%","23.5%","0.33",".261",".333",".391",".725",".130","2.2",".313","0.2","0.0","0.0","6","-0.2",".315","95","7287"
"Khris Davis","OAK","130","7.7%","26.9%","0.29",".218",".285",".487",".772",".269","0.5",".216","-0.3","-0.1","-0.1","16","-0.6",".314","98","9112"
"Jonathan Villar","BAL","135","8.1%","17.0%","0.48",".262",".328",".402",".730",".139","6.7",".302","1.1","0.2","0.7","16","-0.7",".314","92","10071"
"Kyle Schwarber","CHC","91","8.8%","29.7%","0.30",".241",".308",".434",".741",".193","1.5",".308","-0.3","0.1","-0.5","11","-0.5",".314","91","16478"
"Dee Gordon","SEA","119","5.0%","15.1%","0.33",".306",".333",".407",".741",".102","6.6",".341","0.3","-0.1","1.1","14","-0.7",".313","98","8203"
"Eric Hosmer","SDP","120","7.5%","23.3%","0.32",".252",".308",".441",".750",".189","1.3",".295","-0.6","-0.1","-0.1","14","-0.7",".313","95","3516"
"Leonys Martin","CLE","120","9.2%","30.0%","0.31",".221",".319",".404",".723",".183","3.0",".286","0.6","0.4","-0.7","14","-0.8",".313","93","11846"
"Leury Garcia","CHW","111","4.5%","25.2%","0.18",".284",".336",".382",".719",".098","6.2",".384","0.7","0.3","0.7","13","-0.8",".312","94","5913"
"Rowdy Tellez","TOR","86","7.0%","31.4%","0.22",".221",".291",".455",".745",".234","1.9",".261","0.0","-0.2","0.0","10","-0.7",".311","93","15679"
"Jose Iglesias","CIN","84","4.8%","14.3%","0.33",".304",".345",".392",".738",".089","2.3",".348","0.3","-0.3","-0.9","10","-0.7",".310","84","10231"
"Yonder Alonso","CHW","100","16.0%","15.0%","1.07",".190",".320",".405",".725",".214","1.4",".172","0.2","-0.6","-0.1","12","-0.9",".310","92","2530"
"Yan Gomes","WSN","70","8.6%","28.6%","0.30",".254",".329",".381",".710",".127","0.8",".341","-0.4","-0.1","0.0","8","-0.7",".309","87","9627"
"Cesar Hernandez","PHI","121","9.1%","13.2%","0.69",".266",".331",".394",".725",".128","5.6",".293","0.1","0.1","0.3","14","-1.2",".308","87","10556"
"Wil Myers","SDP","107","5.6%","36.4%","0.15",".248",".290",".446",".735",".198","3.3",".351","0.1","-0.2","-0.5","12","-1.1",".308","92","10047"
"Hanser Alberto","BAL","74","2.7%","10.8%","0.25",".324",".338",".380",".718",".056","2.4",".349","0.0","0.0","0.1","9","-0.8",".308","88","11902"
"Avisail Garcia","TBR","104","5.8%","29.8%","0.19",".247",".298",".443",".741",".196","6.3",".323","-0.5","-0.2","0.4","12","-1.1",".308","95","5760"
"C.J. Cron","MIN","88","5.7%","20.5%","0.28",".232",".284",".451",".735",".220","0.8",".237","-0.7","-0.2","0.0","10","-0.9",".308","90","12546"
"Mark Reynolds","COL","67","14.9%","37.3%","0.40",".189",".328",".377",".706",".189","2.7",".259","-0.5","0.0","0.2","8","-0.7",".307","74","7619"
"Robbie Grossman","OAK","89","13.5%","19.1%","0.71",".221",".326",".377",".702",".156","3.9",".246","0.0","0.0","-0.1","10","-1.0",".307","93","5254"
"Albert Pujols","LAA","107","11.2%","13.1%","0.86",".220",".318",".396",".713",".176","0.9",".213","-0.4","-0.5","-0.1","12","-1.3",".306","89","1177"
"Jake Lamb","ARI","18","16.7%","33.3%","0.50",".267",".389",".333",".722",".067","0.4",".444","0.1","0.0","0.0","2","-0.2",".306","85","13329"
"Randal Grichuk","TOR","119","6.7%","28.6%","0.24",".245",".303",".418",".721",".173","1.9",".319","-0.1","-0.5","-0.1","14","-1.4",".306","89","10243"
"Amed Rosario","NYM","113","6.2%","23.0%","0.27",".274",".319",".406",".724",".132","6.0",".346","0.3","0.1","0.1","13","-1.4",".305","92","15518"
"Jake Bauers","CLE","99","11.1%","21.2%","0.52",".241",".323",".379",".703",".138","2.7",".281","0.1","0.3","-0.3","11","-1.4",".304","87","15194"
"Kevin Newman","PIT","12","8.3%","25.0%","0.33",".273",".333",".364",".697",".091","0.1",".375","0.0","0.0","0.0","1","-0.2",".304","86","17696"
"Manny Machado","SDP","120","10.0%","25.0%","0.40",".236",".325",".368",".693",".132","3.2",".292","0.4","-0.6","0.1","13","-1.7",".304","89","11493"
"Corey Seager","LAD","126","11.9%","21.4%","0.56",".236",".333",".364",".697",".127","2.1",".296","0.6","0.2","-0.1","14","-1.8",".303","88","13624"
"Mike Ford","NYY","32","21.9%","25.0%","0.88",".167",".375",".333",".708",".167","2.6",".200","0.0","0.1","0.0","4","-0.5",".302","87","15585"
"Matt Carpenter","STL","125","16.0%","24.8%","0.65",".202",".328",".356",".684",".154","4.8",".254","-0.4","0.4","-0.3","14","-2.0",".301","87","8090"
"Buster Posey","SFG","97","8.2%","16.5%","0.50",".250",".309",".398",".707",".148","0.8",".292","-0.5","-0.5","0.0","11","-1.6",".301","86","9166"
"Adam Frazier","PIT","105","9.5%","14.3%","0.67",".258",".337",".344",".681",".086","3.8",".299","0.2","0.1","-0.1","11","-1.7",".301","84","15223"
"Michael A. Taylor","WSN","20","20.0%","50.0%","0.40",".200",".368",".267",".635",".067","5.1",".600","0.0","0.1","0.2","2","-0.3",".301","82","11489"
"Martin Prado","MIA","73","4.1%","13.7%","0.30",".294",".315",".397",".712",".103","1.2",".322","-0.2","-0.4","0.0","8","-1.2",".300","87","3312"
"Patrick Corbin","WSN","13","7.7%","46.2%","0.17",".300",".364",".300",".664",".000","1.1",".750","","","0.0","1","-0.2",".300","81","9323"
"Odubel Herrera","PHI","69","7.2%","17.4%","0.42",".270",".319",".381",".700",".111","2.0",".314","0.1","0.4","-0.5","7","-1.2",".300","81","11476"
"Kole Calhoun","LAA","121","10.7%","25.6%","0.42",".194",".281",".435",".716",".241","2.5",".200","0.0","-0.2","-0.5","13","-2.3",".298","83","11200"
"Austin Barnes","LAD","87","13.8%","18.4%","0.75",".205",".322",".370",".692",".164","4.3",".218","-0.3","-0.3","0.2","9","-1.7",".298","84","12158"
"Kurt Suzuki","WSN","53","3.8%","15.1%","0.25",".250",".302",".396",".698",".146","1.5",".256","0.2","-0.2","-0.5","6","-1.1",".297","79","8259"
"Miguel Rojas","MIA","96","7.3%","8.3%","0.88",".276",".333",".345",".678",".069","1.1",".300","-0.1","-0.3","-0.1","10","-1.9",".297","85","7802"
"Chris Iannetta","COL","33","9.1%","42.4%","0.21",".207",".303",".379",".682",".172","0.3",".357","0.0","-0.4","0.0","3","-0.7",".296","67","8267"
"Brian Anderson","MIA","121","11.6%","21.5%","0.54",".243",".331",".336",".667",".093","3.1",".304","0.0","-0.2","0.5","13","-2.5",".296","84","18289"
"Vladimir Guerrero Jr.","TOR","17","17.6%","23.5%","0.75",".214",".353",".286",".639",".071","0.1",".300","-0.2","0.0","0.0","2","-0.4",".296","82","19611"
"Tony Wolters","COL","69","11.6%","14.5%","0.80",".267",".348",".367",".714",".100","0.6",".314","-0.1","-0.1","0.0","7","-1.5",".295","66","11470"
"Nick Ahmed","ARI","122","6.6%","20.5%","0.32",".259",".303",".402",".705",".143","6.5",".310","0.5","-0.1","0.3","13","-2.7",".294","77","12147"
"Gregory Polanco","PIT","29","10.3%","20.7%","0.50",".269",".345",".308",".653",".038","0.8",".350","0.0","0.0","0.0","3","-0.7",".293","79","12907"
"Brandon Drury","TOR","106","4.7%","34.9%","0.14",".220",".264",".440",".704",".220","3.2",".293","0.2","0.3","0.0","11","-2.5",".293","80","11615"
"Guillermo Heredia","TBR","33","15.2%","30.3%","0.50",".160",".323",".320",".643",".160","1.1",".214","0.2","0.0","0.0","3","-0.8",".292","85","18721"
"Delino DeShields","TEX","91","16.5%","19.8%","0.83",".192",".337",".301",".638",".110","7.1",".241","0.6","0.0","0.9","9","-2.2",".292","71","11379"
"Luis Rengifo","LAA","19","10.5%","15.8%","0.67",".250",".316",".375",".691",".125","0.6",".286","0.1","0.0","0.0","2","-0.5",".292","79","19858"
"Carter Kieboom","WSN","21","9.5%","33.3%","0.29",".158",".238",".474",".712",".316","0.1",".100","0.0","0.1","0.0","2","-0.5",".292","76","19958"
"Ryan Zimmerman","WSN","86","11.6%","20.9%","0.56",".213",".302",".373",".676",".160","0.6",".236","0.4","0.0","0.0","9","-2.1",".291","75","4220"
"Curtis Granderson","MIA","94","11.7%","34.0%","0.34",".188",".287",".400",".687",".213","1.7",".239","-1.3","0.1","-0.9","9","-2.3",".291","81","4747"
"Ryan McMahon","COL","76","11.8%","26.3%","0.45",".224",".316",".343",".659",".119","3.8",".289","0.1","-0.1","0.2","8","-1.9",".291","63","15112"
"Francisco Lindor","CLE","38","0.0%","23.7%","0.00",".243",".237",".486",".723",".243","6.1",".231","-0.1","-0.1","0.2","4","-1.0",".290","78","12916"
"Eloy Jimenez","CHW","85","5.9%","29.4%","0.20",".241",".294",".380",".674",".139","0.4",".314","0.3","0.1","0.0","8","-2.2",".289","78","17484"
"Jonathan Lucroy","LAA","93","6.5%","9.7%","0.67",".256",".312",".349",".661",".093","1.9",".267","-0.9","-0.9","-0.1","9","-2.5",".288","76","7870"
"Ender Inciarte","ATL","101","8.9%","21.8%","0.41",".233",".307",".356",".662",".122","5.3",".284","0.4","0.4","0.1","10","-2.8",".287","72","4922"
"Cole Tucker","PIT","38","5.3%","31.6%","0.17",".250",".289",".417",".706",".167","1.4",".348","0.2","0.1","0.0","4","-1.1",".287","75","17326"
"Mike Tauchman","NYY","71","12.7%","29.6%","0.43",".177",".282",".387",".669",".210","4.6",".211","0.4","-0.4","0.2","7","-2.0",".287","77","15274"
"Yadier Molina","STL","114","4.4%","7.9%","0.56",".262",".289",".393",".682",".131","3.3",".265","-0.7","-0.5","0.1","11","-3.2",".287","78","7007"
"Andrew Knapp","PHI","29","20.7%","34.5%","0.60",".174",".345",".261",".606",".087","0.1",".308","0.1","0.0","0.0","3","-0.8",".287","73","14942"
"Wilmer Difo","WSN","82","9.8%","20.7%","0.47",".247",".321",".356",".677",".110","1.6",".296","0.1","0.1","0.0","8","-2.4",".286","72","14320"
"Christian Vazquez","BOS","79","7.6%","19.0%","0.40",".222",".278",".431",".709",".208","3.8",".222","-0.3","-0.3","-0.3","8","-2.3",".286","71","9774"
"Yuli Gurriel","HOU","113","7.1%","12.4%","0.57",".240",".292",".375",".667",".135","4.1",".267","-0.4","0.0","-0.9","11","-3.5",".284","77","19198"
"Rio Ruiz","BAL","106","12.3%","21.7%","0.57",".228",".321",".315",".636",".087","0.7",".279","-0.2","-0.5","-0.1","10","-3.3",".284","72","14103"
"Hernan Perez","MIL","56","7.1%","37.5%","0.19",".212",".268",".404",".672",".192","3.4",".286","-0.2","-0.3","-0.3","5","-1.8",".284","71","5751"
"Madison Bumgarner","SFG","13","0.0%","53.8%","0.00",".231",".231",".462",".692",".231","0.1",".400","","","0.0","1","-0.4",".283","75","5524"
"Orlando Arcia","MIL","105","6.7%","22.9%","0.29",".235",".286",".398",".684",".163","3.2",".271","0.5","-0.2","0.0","10","-3.4",".282","70","13185"
"Mike Zunino","TBR","70","4.3%","25.7%","0.17",".224",".257",".418",".675",".194","3.7",".277","0.0","0.2","0.0","6","-2.4",".281","77","13265"
"Johan Camargo","ATL","71","8.5%","18.3%","0.46",".231",".296",".369",".665",".138","6.4",".275","0.1","0.0","0.2","6","-2.4",".280","67","14950"
"Starlin Castro","MIA","122","7.4%","14.8%","0.50",".248",".303",".336",".640",".088","2.8",".272","-0.1","-0.6","0.1","11","-4.2",".280","73","4579"
"Brian Dozier","WSN","101","12.9%","28.7%","0.45",".184",".297",".333",".630",".149","2.3",".222","0.2","-0.2","-0.3","9","-3.5",".280","68","9810"
"Tucker Barnhart","CIN","78","12.8%","24.4%","0.53",".209",".312",".328",".640",".119","1.2",".261","-0.7","0.0","0.0","7","-2.7",".279","64","10200"
"Ramon Laureano","OAK","117","5.1%","28.2%","0.18",".234",".291",".355",".646",".121","5.1",".306","0.6","0.2","0.1","11","-4.1",".279","74","17128"
"Hanley Ramirez","CLE","57","14.0%","29.8%","0.47",".184",".298",".327",".625",".143","0.4",".233","0.0","-0.1","0.0","5","-2.1",".278","70","8001"
"Grayson Greiner","DET","77","5.2%","28.6%","0.18",".222",".273",".375",".648",".153","1.0",".277","0.1","-0.2","0.0","7","-2.9",".277","69","17062"
"Jeimer Candelario","DET","114","12.3%","26.3%","0.47",".222",".325",".293",".617",".071","4.7",".319","-0.3","0.4","-0.3","10","-4.3",".276","69","13621"
"Tyler Naquin","CLE","73","4.1%","28.8%","0.14",".257",".288",".371",".659",".114","5.2",".354","0.2","-0.4","0.6","6","-2.8",".276","68","13359"
"Roberto Perez","CLE","70","8.6%","32.9%","0.26",".213",".290",".344",".634",".131","0.1",".297","-0.5","-0.1","0.0","6","-2.7",".275","68","2900"
"Dylan Moore","SEA","40","7.5%","37.5%","0.20",".200",".300",".314",".614",".114","4.8",".316","0.2","0.0","0.2","3","-1.5",".275","73","18042"
"Juan Lagares","NYM","63","9.5%","28.6%","0.33",".218",".306",".309",".616",".091","5.0",".306","0.0","-0.2","-0.1","5","-2.4",".275","73","5384"
"Zack Godley","ARI","12","8.3%","41.7%","0.20",".273",".333",".273",".606",".000","2.6",".500","","","0.0","1","-0.5",".275","64","14862"
"Wilmer Flores","ARI","87","6.9%","9.2%","0.75",".241",".299",".329",".628",".089","1.6",".254","-0.2","-0.3","0.0","7","-3.5",".274","64","5827"
"Joey Rickard","BAL","95","8.4%","26.3%","0.32",".198",".274",".360",".634",".163","5.3",".254","0.1","0.4","-0.7","8","-3.9",".272","64","13277"
"Lucas Duda","KCR","56","16.1%","23.2%","0.69",".174",".304",".326",".630",".152","0.1",".188","-0.8","0.0","0.0","5","-2.3",".272","64","2502"
"Albert Almora Jr.","CHC","76","6.6%","17.1%","0.38",".261",".320",".319",".639",".058","4.3",".309","0.0","-0.1","0.4","6","-3.1",".272","63","14109"
"Manuel Margot","SDP","84","1.2%","20.2%","0.06",".253",".262",".386",".647",".133","4.1",".297","0.4","0.2","0.2","7","-3.5",".272","68","14712"
"Yangervis Solarte","SFG","68","5.9%","17.6%","0.33",".238",".284",".365",".649",".127","2.3",".280","0.3","-0.5","0.0","6","-2.8",".272","67","5352"
"Mark Zagunis","CHC","29","3.4%","41.4%","0.08",".250",".276",".357",".633",".107","0.3",".438","-0.1","-0.1","0.0","2","-1.3",".270","62","16565"
"Jordy Mercer","DET","51","5.9%","21.6%","0.27",".234",".294",".319",".613",".085","0.4",".306","0.1","0.0","0.0","4","-2.2",".269","64","6547"
"Todd Frazier","NYM","30","0.0%","33.3%","0.00",".207",".233",".414",".647",".207","4.0",".235","0.0","0.0","0.2","2","-1.3",".269","69","785"
"Teoscar Hernandez","TOR","103","9.7%","26.2%","0.37",".217",".291",".337",".628",".120","5.9",".281","0.2","0.0","-0.1","8","-4.5",".269","64","13066"
"Ben Zobrist","CHC","82","12.2%","12.2%","1.00",".239",".329",".254",".583",".014","1.4",".274","-0.4","-0.4","-0.1","7","-3.6",".269","61","7435"
"JB Shuck","PIT","56","14.3%","17.9%","0.80",".196",".327",".239",".566",".043","4.7",".250","0.4","0.1","-0.3","5","-2.5",".268","62","6677"
"Starling Marte","PIT","80","2.5%","20.0%","0.13",".200",".241",".400",".641",".200","7.9",".214","0.2","0.0","0.1","6","-3.6",".267","62","9241"
"Ryan Braun","MIL","105","5.7%","23.8%","0.24",".196",".250",".381",".631",".186","3.5",".209","-0.2","-0.3","0.2","8","-4.8",".267","60","3410"
"Travis Shaw","MIL","110","9.1%","34.5%","0.26",".194",".282",".347",".629",".153","1.0",".268","0.1","-0.2","0.0","9","-5.1",".267","59","11982"
"Ryan O'Hearn","KCR","99","13.1%","25.3%","0.52",".167",".283",".333",".616",".167","3.6",".193","-0.1","-0.1","0.0","8","-4.6",".266","60","16442"
"Tony Kemp","HOU","45","8.9%","17.8%","0.50",".179",".273",".333",".606",".154","5.7",".172","-0.2","0.0","0.2","4","-2.1",".266","64","14894"
"Austin Dean","MIA","23","0.0%","39.1%","0.00",".227",".217",".455",".672",".227","2.6",".308","0.1","0.0","0.0","2","-1.1",".266","64","18288"
"Wilson Ramos","NYM","99","8.1%","15.2%","0.53",".247",".313",".303",".617",".056","1.9",".284","-0.7","-0.4","-0.1","8","-4.7",".266","66","1433"
"Tyler Wade","NYY","52","13.5%","34.6%","0.39",".227",".333",".227",".561",".000","6.8",".385","0.3","0.3","1.0","4","-2.5",".265","62","15730"
"Steven Duggar","SFG","117","5.1%","29.9%","0.17",".222",".265",".361",".626",".139","2.3",".292","0.0","0.3","-0.7","9","-5.5",".265","63","17719"
"Billy McKinney","TOR","92","5.4%","20.7%","0.26",".229",".278",".337",".615",".108","2.0",".281","-0.2","0.4","0.0","7","-4.4",".265","62","15654"
"Justin Bour","LAA","91","11.0%","27.5%","0.40",".175",".275",".325",".600",".150","0.7",".212","-0.4","-0.2","0.0","7","-4.4",".264","60","9744"
"Jordan Luplow","CLE","21","14.3%","42.9%","0.33",".222",".333",".222",".556",".000","4.9",".444","0.1","0.0","0.2","2","-1.0",".264","60","16424"
"A.J. Pollock","LAD","115","7.8%","20.0%","0.39",".223",".287",".330",".617",".107","4.3",".263","0.4","0.1","-0.5","9","-5.6",".264","62","9256"
"Aledmys Diaz","HOU","41","2.4%","14.6%","0.17",".205",".220",".436",".655",".231","4.7",".188","0.0","-0.2","0.0","3","-2.0",".263","62","15937"
"Evan Longoria","SFG","109","3.7%","21.1%","0.17",".212",".248",".375",".623",".163","4.8",".244","0.0","-0.2","0.2","8","-5.5",".262","61","9368"
"Mike Freeman","CLE","19","15.8%","31.6%","0.50",".214",".333",".214",".548",".000","0.6",".333","0.2","0.1","0.0","1","-1.0",".260","58","11241"
"Billy Hamilton","KCR","84","10.7%","22.6%","0.47",".216",".298",".284",".581",".068","8.9",".286","0.5","0.4","0.2","6","-4.4",".259","55","10199"
"Dustin Peterson","DET","47","4.3%","29.8%","0.14",".227",".277",".318",".595",".091","4.2",".333","-0.9","0.0","0.2","3","-2.5",".259","57","15189"
"Yolmer Sanchez","CHW","72","9.7%","26.4%","0.37",".234",".306",".266",".571",".031","2.9",".326","0.3","0.1","-0.3","5","-3.9",".258","57","11602"
"Isiah Kiner-Falefa","TEX","59","11.9%","25.4%","0.47",".200",".310",".240",".550",".040","4.7",".286","0.4","-0.4","0.2","4","-3.2",".258","47","16512"
"Ehire Adrianza","MIN","42","7.1%","14.3%","0.50",".176",".293",".265",".557",".088","2.6",".179","0.0","0.1","0.0","3","-2.3",".256","55","8418"
"Jason Martin","PIT","38","7.9%","26.3%","0.30",".229",".289",".286",".575",".057","5.2",".320","1.0","0.1","0.4","3","-2.1",".256","55","16429"
"Noah Syndergaard","NYM","14","14.3%","57.1%","0.25",".091",".231",".364",".594",".273","2.6",".000","","","0.0","1","-0.8",".255","60","11762"
"Chris Davis","BAL","75","8.0%","37.3%","0.21",".176",".253",".353",".606",".176","0.8",".243","0.0","0.0","0.0","5","-4.2",".255","52","9272"
"Greg Bird","NYY","41","14.6%","39.0%","0.38",".171",".293",".257",".550",".086","2.4",".278","0.3","0.0","0.0","3","-2.3",".254","55","14131"
"Austin Hedges","SDP","68","4.4%","25.0%","0.18",".175",".235",".381",".616",".206","0.1",".167","-0.2","0.2","0.0","5","-3.9",".254","56","12976"
"Austin Romine","NYY","47","2.1%","21.3%","0.10",".244",".261",".333",".594",".089","1.8",".294","-0.2","-0.2","0.0","3","-2.7",".254","54","5491"
"Ian Desmond","COL","98","5.1%","26.5%","0.19",".196",".235",".370",".604",".174","1.4",".234","0.1","-0.3","0.0","7","-5.7",".252","38","6885"
"Nicky Delmonico","CHW","11","9.1%","27.3%","0.33",".200",".273",".300",".573",".100","1.6",".286","0.0","0.0","0.0","1","-0.6",".252","53","13157"
"Yairo Munoz","STL","11","9.1%","18.2%","0.50",".200",".273",".300",".573",".100","2.6",".250","0.0","0.0","0.0","1","-0.6",".252","55","16313"
"Drew Butera","COL","17","5.9%","17.6%","0.33",".200",".250",".333",".583",".133","2.6",".250","-0.1","-0.1","0.0","1","-1.0",".250","37","3411"
"Kevin Pillar","- - -","111","3.6%","17.1%","0.21",".204",".234",".379",".613",".175","5.5",".195","0.9","0.0","0.6","7","-6.8",".249","52","12434"
"Willy Adames","TBR","98","7.1%","29.6%","0.24",".200",".265",".300",".565",".100","6.8",".283","0.3","0.1","0.2","6","-6.1",".248","55","15986"
"Jose Ramirez","CLE","121","10.7%","14.0%","0.76",".181",".281",".276",".557",".095","6.3",".195","0.6","0.2","1.7","8","-7.5",".248","50","13510"
"Joe Panik","SFG","94","8.5%","11.7%","0.73",".202",".277",".274",".550",".071","1.5",".219","-0.6","0.1","-0.5","6","-6.0",".246","51","11936"
"Jung Ho Kang","PIT","81","7.4%","34.6%","0.21",".160",".222",".360",".582",".200","0.1",".186","-0.4","0.0","0.0","5","-5.2",".246","48","17182"
"Blake Swihart","- - -","42","7.1%","28.6%","0.25",".184",".262",".289",".551",".105","2.3",".240","0.2","0.1","0.0","3","-2.7",".245","44","13176"
"Nick Williams","PHI","40","5.0%","30.0%","0.17",".167",".250",".306",".556",".139","1.3",".217","0.2","0.0","0.0","2","-2.6",".245","45","14330"
"Jake Cave","MIN","38","10.5%","23.7%","0.44",".206",".289",".235",".525",".029","0.1",".280","0.2","0.0","0.0","2","-2.6",".242","45","14477"
"Yasiel Puig","CIN","106","4.7%","25.5%","0.19",".192",".226",".354",".580",".162","3.8",".214","-0.1","0.1","0.1","6","-7.1",".242","40","14225"
"Scott Schebler","CIN","88","15.9%","29.5%","0.54",".135",".273",".243",".516",".108","2.7",".174","-0.1","-0.6","-0.5","5","-6.0",".241","39","12225"
"Daniel Robertson","TBR","88","11.4%","28.4%","0.40",".179",".273",".256",".529",".077","3.4",".250","-0.3","-0.6","0.2","5","-6.0",".241","50","14145"
"Erik Gonzalez","PIT","59","10.2%","22.0%","0.46",".216",".298",".294",".592",".078","6.7",".289","0.1","-0.3","0.6","3","-4.0",".241","45","13369"
"Jesus Aguilar","MIL","92","9.8%","22.8%","0.43",".163",".244",".300",".544",".138","1.2",".175","0.1","-0.4","0.0","5","-6.5",".238","41","11342"
"Kendrys Morales","OAK","88","12.5%","14.8%","0.85",".162",".284",".216",".500",".054","0.7",".180","-0.3","-0.1","-0.1","5","-6.3",".237","46","8610"
"Jacob Stallings","PIT","11","0.0%","27.3%","0.00",".273",".273",".273",".545",".000","1.6",".375","0.0","0.0","0.0","1","-0.8",".237","42","13723"
"Erik Kratz","SFG","34","5.9%","14.7%","0.40",".133",".235",".300",".535",".167","0.1",".125","-0.5","0.1","0.0","2","-2.4",".237","45","4403"
"Manny Pina","MIL","31","9.7%","25.8%","0.38",".154",".290",".192",".483",".038","0.4",".222","-0.1","0.2","0.0","2","-2.2",".237","40","2829"
"Carson Kelly","ARI","53","1.9%","24.5%","0.08",".196",".226",".333",".560",".137","1.2",".263","-0.1","-0.2","0.0","3","-3.8",".237","39","13620"
"Chris Taylor","LAD","80","10.0%","26.3%","0.38",".171",".263",".257",".520",".086","2.9",".224","0.1","0.1","0.2","4","-5.9",".235","43","13757"
"Lourdes Gurriel Jr.","TOR","44","6.8%","27.3%","0.25",".175",".250",".275",".525",".100","3.1",".250","0.1","0.1","-0.3","2","-3.3",".233","40","19238"
"Stevie Wilkerson","BAL","21","0.0%","38.1%","0.00",".190",".190",".381",".571",".190","6.4",".250","0.0","0.0","0.2","1","-1.6",".233","38","16041"
"Sandy Leon","BOS","15","6.7%","20.0%","0.33",".154",".267",".231",".497",".077","2.6",".200","-0.1","0.1","0.0","1","-1.1",".233","35","5273"
"Jason Kipnis","CLE","50","10.0%","16.0%","0.63",".200",".280",".222",".502",".022","3.2",".243","-0.1","0.0","0.2","3","-3.8",".232","39","9776"
"Danny Jansen","TOR","75","9.3%","28.0%","0.33",".182",".267",".242",".509",".061","1.2",".261","-0.1","0.1","0.0","4","-5.7",".232","39","16535"
"Martin Maldonado","KCR","83","7.2%","18.1%","0.40",".176",".256",".257",".513",".081","1.9",".207","-0.4","-0.4","0.0","4","-6.3",".232","37","6887"
"Jesus Sucre","BAL","67","6.0%","19.4%","0.31",".210",".269",".242",".511",".032","0.6",".265","-0.3","-0.1","0.0","3","-5.1",".231","36","5942"
"Gerardo Parra","SFG","96","8.3%","18.8%","0.44",".188",".271",".259",".530",".071","3.7",".224","-0.2","0.7","-0.1","5","-7.5",".230","40","8553"
"Jose Peraza","CIN","92","2.2%","20.7%","0.11",".202",".228",".303",".532",".101","5.5",".235","0.2","-0.1","0.3","4","-7.3",".228","30","13593"
"Mallex Smith","SEA","110","10.0%","30.0%","0.33",".165",".255",".247",".502",".082","9.4",".234","0.6","0.1","1.1","5","-8.8",".227","40","13608"
"Ildemaro Vargas","ARI","40","0.0%","17.5%","0.00",".200",".200",".350",".550",".150","6.4",".219","0.0","-0.1","0.2","2","-3.2",".227","33","13324"
"Lewis Brinson","MIA","82","2.4%","34.1%","0.07",".197",".247",".263",".510",".066","1.9",".313","0.0","-0.3","-0.5","4","-6.6",".226","38","14352"
"Adam Engel","CHW","45","6.7%","37.8%","0.18",".171",".227",".293",".520",".122","2.8",".261","0.4","0.1","-0.5","2","-3.7",".226","35","15082"
"Brandon Crawford","SFG","112","8.9%","25.9%","0.34",".198",".277",".218",".495",".020","1.7",".278","-0.2","0.1","-0.3","5","-9.2",".225","37","5343"
"Marwin Gonzalez","MIN","86","9.3%","24.4%","0.38",".167",".244",".256",".501",".090","2.8",".200","0.0","0.0","0.2","4","-7.1",".225","34","5497"
"Francisco Cervelli","PIT","88","6.8%","27.3%","0.25",".175",".250",".238",".488",".063","2.1",".236","0.1","-0.5","0.0","4","-7.5",".222","32","5275"
"Christian Arroyo","TBR","15","6.7%","66.7%","0.10",".214",".267",".214",".481",".000","0.1",".750","-0.1","0.1","0.0","1","-1.3",".220","36","16434"
"Jameson Taillon","PIT","11","0.0%","27.3%","0.00",".250",".250",".250",".500",".000","0.1",".400","","","0.0","0","-1.0",".217","29","11674"
"Jurickson Profar","OAK","112","6.3%","14.3%","0.44",".165",".223",".272",".495",".107","6.7",".174","0.2","0.0","0.6","4","-10.1",".216","32","10815"
"Chris Owings","KCR","104","7.7%","32.7%","0.24",".156",".221",".271",".492",".115","6.7",".217","-0.1","0.4","0.3","4","-9.4",".215","26","10030"
"Phil Gosselin","PHI","22","0.0%","22.7%","0.00",".227",".227",".273",".500",".045","0.8",".294","0.2","0.0","0.0","1","-2.0",".213","25","10953"
"Luke Maile","TOR","38","7.9%","28.9%","0.27",".147",".216",".265",".481",".118","1.3",".182","0.3","0.1","0.0","1","-3.6",".212","26","13355"
"Jeff Mathis","TEX","51","7.8%","27.5%","0.29",".170",".235",".234",".469",".064","2.6",".219","-0.2","0.0","0.0","2","-4.8",".212","16","3448"
"Caleb Joseph","ARI","14","0.0%","14.3%","0.00",".214",".214",".286",".500",".071","2.6",".250","0.0","0.0","0.0","0","-1.3",".211","22","7087"
"Rougned Odor","TEX","69","8.7%","37.7%","0.23",".145",".232",".226",".458",".081","4.8",".229","0.2","0.3","-0.9","2","-6.6",".209","15","12282"
"Richie Martin","BAL","74","8.1%","33.8%","0.24",".164",".243",".209",".452",".045","6.3",".262","-0.6","0.0","0.2","2","-7.1",".209","21","17736"
"Matt Kemp","CIN","62","1.6%","30.6%","0.05",".200",".210",".283",".493",".083","1.1",".268","0.1","-0.4","0.0","2","-6.0",".208","17","5631"
"Kyle Higashioka","NYY","16","0.0%","37.5%","0.00",".200",".188",".333",".521",".133","2.6",".300","0.2","0.0","0.0","0","-1.6",".206","22","5517"
"Joey Wendle","TBR","25","0.0%","24.0%","0.00",".136",".240",".182",".422",".045","0.1",".188","0.1","0.0","0.0","1","-2.5",".205","26","13853"
"Jon Berti","MIA","23","13.0%","30.4%","0.43",".158",".261",".158",".419",".000","2.6",".231","0.3","0.1","0.0","1","-2.3",".203","24","12037"
"Kenta Maeda","LAD","15","0.0%","20.0%","0.00",".167",".167",".333",".500",".167","2.6",".222","","","0.0","0","-1.5",".203","22","18498"
"JT Riddle","MIA","32","0.0%","34.4%","0.00",".156",".156",".344",".500",".188","1.6",".158","0.0","-0.1","0.0","1","-3.2",".203","23","17642"
"Ian Kinsler","SDP","91","8.8%","18.7%","0.47",".133",".209",".241",".450",".108","2.9",".141","-0.5","-0.1","-0.7","2","-9.4",".201","21","6195"
"Dereck Rodriguez","SFG","13","0.0%","53.8%","0.00",".231",".231",".231",".462",".000","1.6",".500","","","0.0","0","-1.3",".201","21","14509"
"Garrett Hampson","COL","81","2.5%","27.2%","0.09",".182",".200",".273",".473",".091","6.1",".236","0.5","0.2","-0.3","2","-8.4",".200","4","19262"
"Nick Hundley","OAK","44","2.3%","20.5%","0.11",".190",".227",".214",".442",".024","1.3",".242","-0.2","-0.8","-0.5","1","-4.6",".198","20","3376"
"Josh Harrison","DET","99","5.1%","19.2%","0.26",".156",".212",".233",".445",".078","3.8",".181","-0.9","0.5","-0.5","2","-10.5",".197","15","8202"
"JaCoby Jones","DET","56","3.6%","33.9%","0.11",".137",".214",".216",".430",".078","4.9",".194","0.1","0.0","0.2","1","-5.9",".197","15","14818"
"Luke Weaver","ARI","10","0.0%","60.0%","0.00",".100",".100",".400",".500",".300","0.1",".000","","","0.0","0","-1.1",".194","11","16918"
"Isaac Galloway","MIA","38","0.0%","15.8%","0.00",".211",".211",".237",".447",".026","6.9",".250","0.1","0.2","0.4","1","-4.2",".192","16","5238"
"Luis Urias","SDP","29","13.8%","37.9%","0.36",".083",".241",".125",".366",".042","1.6",".154","0.0","-0.1","0.0","0","-3.2",".192","15","16622"
"Peter O'Brien","MIA","30","10.0%","46.7%","0.21",".111",".200",".222",".422",".111","0.1",".167","0.3","-0.1","0.0","0","-3.3",".192","16","13288"
"Max Moroff","CLE","34","5.9%","47.1%","0.13",".129",".182",".258",".440",".129","5.8",".214","0.4","0.3","0.2","0","-3.8",".190","10","14556"
"Francisco Mejia","SDP","44","4.5%","27.3%","0.17",".146",".205",".220",".424",".073","1.1",".207","0.0","-0.1","0.0","1","-4.9",".190","14","16403"
"Jackie Bradley Jr.","BOS","99","9.1%","30.3%","0.30",".148",".224",".182",".406",".034","4.4",".220","0.0","0.3","0.6","1","-11.2",".189","5","12984"
"Miguel Andujar","NYY","14","0.0%","14.3%","0.00",".231",".214",".231",".445",".000","1.6",".250","0.0","-0.2","0.0","0","-1.6",".186","9","15878"
"Alen Hanson","TOR","45","6.7%","35.6%","0.19",".175",".244",".175",".419",".000","5.6",".280","0.0","0.2","0.2","0","-5.2",".186","8","12926"
"Rosell Herrera","MIA","58","5.2%","19.0%","0.27",".148",".207",".185",".392",".037","5.5",".186","0.3","0.0","0.1","0","-7.0",".180","8","11611"
"Keon Broxton","NYM","45","8.9%","42.2%","0.21",".146",".222",".146",".369",".000","6.2",".273","0.2","0.0","0.3","0","-5.5",".177","8","9253"
"Walker Buehler","LAD","12","0.0%","41.7%","0.00",".091",".091",".364",".455",".273","0.1",".000","","","0.0","0","-1.5",".176","4","19374"
"Luis Guillorme","NYM","19","5.3%","31.6%","0.17",".167",".211",".167",".377",".000","2.6",".250","0.1","0.0","0.0","0","-2.4",".174","6","16451"
"Patrick Wisdom","TEX","28","3.6%","53.6%","0.07",".154",".185",".192",".377",".038","0.8",".364","-0.1","0.1","0.0","0","-3.7",".167","-14","13602"
"Pablo Reyes","PIT","39","7.7%","35.9%","0.21",".139",".205",".139",".344",".000","2.6",".227","0.4","0.1","0.0","0","-5.2",".165","-5","16357"
"Tzu-Wei Lin","BOS","17","5.9%","29.4%","0.20",".125",".176",".188",".364",".063","7.5",".182","0.0","0.2","0.2","0","-2.3",".163","-12","14678"
"Cedric Mullins II","BAL","74","5.4%","18.9%","0.29",".094",".181",".156",".337",".063","7.9",".118","0.5","-0.2","0.2","-1","-10.3",".159","-12","17929"
"Stephen Strasburg","WSN","12","8.3%","33.3%","0.25",".091",".167",".182",".348",".091","0.1",".143","","","0.0","0","-1.7",".159","-11","10131"
"Eduardo Nunez","BOS","46","2.2%","17.4%","0.13",".159",".178",".182",".360",".023","5.8",".194","-0.3","-0.1","0.1","-1","-6.4",".158","-16","6848"
"Miles Mikolas","STL","12","0.0%","41.7%","0.00",".182",".182",".182",".364",".000","0.1",".333","","","0.0","0","-1.7",".158","-6","9803"
"Pat Valaika","COL","31","12.9%","41.9%","0.31",".074",".194",".111",".305",".037","2.6",".143","0.1","0.1","0.0","0","-4.4",".156","-25","14885"
"Brock Holt","BOS","19","10.5%","36.8%","0.29",".063",".211",".063",".273",".000","0.1",".111","-0.1","0.0","0.0","0","-2.7",".156","-17","9345"
"Trevor Williams","PIT","11","9.1%","36.4%","0.25",".111",".200",".111",".311",".000","0.1",".200","","","0.0","0","-1.6",".156","-11","16977"
"Cam Gallagher","KCR","27","3.7%","11.1%","0.33",".154",".185",".154",".339",".000","2.0",".174","-0.4","-0.1","0.0","0","-3.9",".154","-16","12981"
"Hyun-Jin Ryu","LAD","11","18.2%","45.5%","0.40",".000",".222",".000",".222",".000","2.6",".000","","","0.0","0","-1.6",".153","-11","14444"
"Socrates Brito","TOR","34","11.8%","41.2%","0.29",".067",".176",".133",".310",".067","5.1",".125","-0.1","-0.2","0.0","-1","-4.9",".152","-15","12944"
"Greg Allen","CLE","42","4.8%","33.3%","0.14",".105",".167",".158",".325",".053","2.6",".160","-0.1","0.1","0.0","-1","-6.2",".149","-17","16623"
"Roman Quinn","PHI","27","7.4%","51.9%","0.14",".120",".185",".120",".305",".000","0.8",".273","0.1","0.1","0.0","-1","-4.0",".148","-18","13546"
"Max Stassi","HOU","30","3.3%","36.7%","0.09",".103",".133",".207",".340",".103","0.1",".118","-0.5","0.1","0.0","-1","-4.5",".146","-17","10059"
"Adam Wainwright","STL","12","8.3%","50.0%","0.17",".100",".182",".100",".282",".000","0.1",".250","","","0.0","0","-1.8",".142","-17","2233"
"Jedd Gyorko","STL","22","9.1%","45.5%","0.20",".100",".182",".100",".282",".000","2.6",".200","-0.2","0.1","0.0","-1","-3.4",".142","-17","10816"
"Kyle Hendricks","CHC","11","9.1%","54.5%","0.17",".100",".182",".100",".282",".000","2.6",".250","","","0.0","0","-1.7",".142","-22","12049"
"Ross Stripling","LAD","13","7.7%","30.8%","0.25",".100",".182",".100",".282",".000","2.6",".167","","","0.0","0","-2.0",".142","-18","13273"
"Steve Pearce","BOS","43","4.7%","39.5%","0.12",".103",".167",".128",".295",".026","1.6",".182","0.0","-0.3","0.0","-1","-6.6",".141","-27","9957"
"Aaron Nola","PHI","11","18.2%","36.4%","0.50",".000",".200",".000",".200",".000","2.6",".000","","","0.0","0","-1.7",".138","-25","16149"
"Daniel Palka","CHW","42","14.3%","35.7%","0.40",".029",".190",".029",".219",".000","0.1",".050","0.1","-0.1","0.0","-1","-6.7",".136","-25","14897"
"Zack Cozart","LAA","70","2.9%","18.6%","0.15",".109",".157",".125",".282",".016","0.9",".132","-0.1","0.2","0.0","-3","-11.4",".132","-29","2616"
"Elias Diaz","PIT","16","0.0%","12.5%","0.00",".125",".125",".188",".313",".063","2.6",".143","0.0","0.0","0.0","-1","-2.6",".130","-28","11680"
"Travis d'Arnaud","NYM","25","8.0%","20.0%","0.40",".087",".160",".087",".247",".000","2.6",".111","-0.7","0.0","0.0","-1","-4.2",".125","-26","7739"
"Rocky Gale","LAD","14","0.0%","50.0%","0.00",".143",".143",".143",".286",".000","2.6",".286","-0.1","-0.2","0.0","-1","-2.4",".124","-30","10533"
"Zach Davies","MIL","13","7.7%","53.8%","0.14",".083",".154",".083",".237",".000","0.1",".200","","","0.0","-1","-2.2",".120","-37","13183"
"Eric Stamets","CLE","48","10.4%","50.0%","0.21",".049",".149",".073",".222",".024","2.6",".111","-0.1","-0.4","0.0","-2","-8.4",".118","-39","13795"
"Dustin Pedroia","BOS","21","4.8%","9.5%","0.50",".100",".143",".100",".243",".000","1.6",".111","0.3","-0.4","0.0","-1","-3.7",".116","-44","8370"
"Max Scherzer","WSN","16","0.0%","50.0%","0.00",".125",".125",".125",".250",".000","2.6",".250","","","0.0","-1","-2.9",".109","-44","3137"
"Jack Flaherty","STL","11","0.0%","9.1%","0.00",".125",".125",".125",".250",".000","2.6",".143","","","0.0","-1","-2.0",".109","-39","17479"
"Peter Bourjos","LAA","46","2.2%","32.6%","0.07",".091",".109",".114",".222",".023","7.4",".133","-0.1","0.2","0.4","-3","-8.8",".098","-52","2578"
"Connor Joe","SFG","16","6.3%","31.3%","0.20",".067",".125",".067",".192",".000","2.6",".100","0.1","-0.1","0.0","-1","-3.1",".097","-47","16572"
"Derek Holland","SFG","10","0.0%","60.0%","0.00",".111",".111",".111",".222",".000","0.1",".333","","","0.0","-1","-1.9",".097","-47","4141"
"Chris Archer","PIT","10","0.0%","50.0%","0.00",".111",".111",".111",".222",".000","0.1",".250","","","0.0","-1","-1.9",".097","-50","6345"
"Steven Matz","NYM","10","0.0%","30.0%","0.00",".111",".111",".111",".222",".000","0.1",".167","","","0.0","-1","-1.9",".097","-44","13361"
"Caleb Smith","MIA","10","0.0%","40.0%","0.00",".111",".111",".111",".222",".000","0.1",".200","","","0.0","-1","-1.9",".097","-46","14875"
"Joshua Fuentes","COL","18","0.0%","44.4%","0.00",".111",".111",".111",".222",".000","2.6",".200","0.1","0.0","0.0","-1","-3.5",".097","-64","16885"
"Tanner Roark","CIN","10","0.0%","40.0%","0.00",".100",".100",".100",".200",".000","0.1",".167","","","0.0","-1","-2.0",".087","-62","8753"
"Trevor Richards","MIA","10","0.0%","60.0%","0.00",".100",".100",".100",".200",".000","0.1",".250","","","0.0","-1","-2.0",".087","-53","19309"
"Zach Eflin","PHI","11","0.0%","72.7%","0.00",".091",".091",".091",".182",".000","0.1",".333","","","0.0","-1","-2.3",".079","-63","13774"
"Kevin Gausman","ATL","11","0.0%","81.8%","0.00",".091",".091",".091",".182",".000","0.1",".500","","","0.0","-1","-2.3",".079","-64","14107"
"Merrill Kelly","ARI","11","9.1%","18.2%","0.50",".000",".111",".000",".111",".000","2.6",".000","","","0.0","-1","-2.3",".077","-66","11156"
"Joe Musgrove","PIT","10","10.0%","60.0%","0.17",".000",".111",".000",".111",".000","0.1",".000","","","0.0","-1","-2.1",".077","-63","12970"
"Anibal Sanchez","WSN","12","0.0%","50.0%","0.00",".083",".083",".083",".167",".000","0.1",".167","","","0.0","-1","-2.6",".072","-68","3284"
"Jose Quintana","CHC","12","0.0%","66.7%","0.00",".083",".083",".083",".167",".000","2.6",".250","","","0.0","-1","-2.6",".072","-67","11423"
"Jon Gray","COL","14","0.0%","57.1%","0.00",".083",".083",".083",".167",".000","0.1",".250","","","0.0","-1","-3.0",".072","-79","14916"
"Aaron Altherr","PHI","28","3.6%","28.6%","0.13",".037",".071",".074",".146",".037","2.6",".053","0.0","-0.2","0.0","-3","-6.1",".068","-71","11270"
"Jake Arrieta","PHI","15","0.0%","33.3%","0.00",".077",".077",".077",".154",".000","2.6",".125","","","0.0","-1","-3.3",".067","-71","4153"
"German Marquez","COL","14","0.0%","28.6%","0.00",".077",".077",".077",".154",".000","0.1",".111","","","0.0","-1","-3.1",".067","-83","15038"
"Luis Castillo","CIN","15","0.0%","53.3%","0.00",".071",".071",".071",".143",".000","2.6",".167","","","0.0","-1","-3.3",".062","-78","15689"
"Frank Schwindel","KCR","15","0.0%","13.3%","0.00",".067",".067",".067",".133",".000","0.1",".077","0.0","0.0","0.0","-2","-3.4",".058","-81","15351"
"Yonathan Daza","COL","12","8.3%","33.3%","0.25",".000",".083",".000",".083",".000","0.1",".000","0.0","0.0","0.0","-1","-2.7",".058","-89","15794"
"Mikie Mahtook","DET","25","8.0%","44.0%","0.18",".000",".080",".000",".080",".000","0.1",".000","-0.1","0.1","0.0","-3","-5.7",".055","-81","13130"
"Cole Hamels","CHC","10","0.0%","10.0%","0.00",".000",".000",".000",".000",".000","0.1",".000","","","0.0","-2","-2.8",".000","-100","4972"
"Julio Teheran","ATL","13","0.0%","46.2%","0.00",".000",".000",".000",".000",".000","0.1",".000","","","0.0","-2","-3.6",".000","-100","6797"
"Robbie Ray","ARI","12","0.0%","58.3%","0.00",".000",".000",".000",".000",".000","0.1",".000","","","0.0","-2","-3.3",".000","-100","11486"
"Yu Darvish","CHC","10","0.0%","70.0%","0.00",".000",".000",".000",".000",".000","0.1",".000","","","0.0","-2","-2.8",".000","-100","13074"
"Michael Wacha","STL","10","0.0%","60.0%","0.00",".000",".000",".000",".000",".000","0.1",".000","","","0.0","-2","-2.8",".000","-100","14078"
"Alex Jackson","ATL","11","9.1%","27.3%","0.33",".000",".091",".000",".091",".000","0.1",".000","0.0","-0.1","0.0","-2","-3.0",".000","-100","17276"
"Dakota Hudson","STL","10","0.0%","20.0%","0.00",".000",".000",".000",".000",".000","0.1",".000","","","0.0","-2","-2.8",".000","-100","19206"
"Joey Lucchesi","SDP","10","0.0%","70.0%","0.00",".000",".000",".000",".000",".000","0.1",".000","","","0.0","-2","-2.8",".000","-100","19320"
"Chris Paddack","SDP","10","0.0%","60.0%","0.00",".000",".000",".000",".000",".000","0.1",".000","","","0.0","-2","-2.8",".000","-100","20099"
