"Name","Team","PA","Events","EV","maxEV","LA","Barrels","Barrel%","HardHit","HardHit%","AVG","xBA","SLG","xSLG","wOBA","xwOBA","playerid"
"Giancarlo Stanton","NYY","15","4","107.7","120.6","3.3","1","25.0%","3","75.0%",".250","",".250","",".438","","4949"
"Joey Gallo","TEX","109","50","98.9","115.4","20.6","16","32.0%","33","66.0%",".264","",".678","",".431","","14128"
"Aaron Judge","NYY","89","48","98.4","118.1","13.0","9","18.8%","32","66.7%",".288","",".521","",".386","","15640"
"Charlie Culberson","ATL","12","8","96.7","105.1","19.6","1","12.5%","5","62.5%",".417","","1.083","",".599","","3298"
"Trea Turner","WSN","15","9","96.7","110.0","10.9","2","22.2%","5","55.6%",".357","",".857","",".502","","16252"
"Victor Caratini","CHC","17","10","96.3","112.3","3.2","1","10.0%","6","60.0%",".571","","1.000","",".655","","14968"
"Nelson Cruz","MIN","91","55","96.2","115.2","19.0","8","14.5%","30","54.5%",".295","",".564","",".398","","2434"
"Matt Wieters","STL","13","8","96.1","105.6","8.8","0","0.0%","4","50.0%",".364","",".364","",".323","","4298"
"Thairo Estrada","NYY","19","14","96.0","106.2","12.5","0","0.0%","8","57.1%",".353","",".353","",".328","","16426"
"Gordon Beckham","DET","47","23","95.6","109.3","18.5","5","21.7%","15","65.2%",".220","",".512","",".346","","9015"
"Gary Sanchez","NYY","67","42","95.3","114.0","23.0","14","33.3%","22","52.4%",".233","",".667","",".393","","11442"
"Luis Rengifo","LAA","19","14","95.3","105.9","15.6","1","7.1%","8","57.1%",".250","",".375","",".292","","19858"
"Joe Musgrove","PIT","10","3","95.2","105.8","-3.5","0","0.0%","1","33.3%",".000","",".000","",".077","","12970"
"Noah Syndergaard","NYM","14","4","95.1","101.7","17.0","1","25.0%","2","50.0%",".091","",".364","",".255","","11762"
"Yoan Moncada","CHW","115","79","95.0","113.3","11.5","12","15.2%","37","46.8%",".314","",".571","",".392","","17232"
"Christian Walker","ARI","113","68","94.9","112.4","14.6","10","14.7%","41","60.3%",".307","",".614","",".406","","13419"
"Carter Kieboom","WSN","21","12","94.9","108.6","10.8","1","8.3%","7","58.3%",".158","",".474","",".292","","19958"
"Luke Weaver","ARI","10","4","94.8","97.3","12.0","0","0.0%","2","50.0%",".100","",".400","",".194","","16918"
"Christian Yelich","MIL","124","83","94.7","116.3","13.2","16","19.3%","45","54.2%",".353","",".804","",".492","","11477"
"Franmil Reyes","SDP","91","64","94.6","115.0","15.9","13","20.3%","33","51.6%",".232","",".561","",".340","","14566"
"Carlos Santana","CLE","114","77","94.5","112.8","5.2","5","6.5%","41","53.2%",".316","",".463","",".374","","2396"
"Anthony Rendon","WSN","86","59","94.4","107.7","19.8","11","18.6%","38","64.4%",".356","",".740","",".473","","12861"
"Patrick Wisdom","TEX","28","12","94.3","102.0","21.8","0","0.0%","6","50.0%",".154","",".192","",".167","","13602"
"Yasmani Grandal","MIL","104","70","94.3","110.8","10.4","7","10.0%","35","50.0%",".283","",".500","",".359","","11368"
"Alex Avila","ARI","21","10","94.3","101.6","13.1","2","20.0%","7","70.0%",".333","",".800","",".514","","7476"
"Michael A. Taylor","WSN","20","6","94.1","106.6","9.6","1","16.7%","3","50.0%",".200","",".267","",".301","","11489"
"Josh Donaldson","ATL","119","65","94.0","112.5","8.8","10","15.4%","35","53.8%",".258","",".495","",".379","","5038"
"Tommy Pham","TBR","125","84","93.8","111.3","3.7","7","8.3%","48","57.1%",".294","",".461","",".378","","2967"
"Brandon Woodruff","MIL","12","5","93.7","99.9","4.0","0","0.0%","2","40.0%",".455","",".636","",".478","","16162"
"Cody Bellinger","LAD","132","97","93.7","110.6","12.7","15","15.5%","52","53.6%",".431","",".890","",".547","","15998"
"Josh Bell","PIT","113","73","93.7","113.3","10.5","9","12.3%","38","52.1%",".286","",".592","",".386","","13145"
"Hunter Dozier","KCR","103","69","93.6","113.5","16.8","9","13.0%","31","44.9%",".349","",".686","",".458","","15117"
"Shin-Soo Choo","TEX","117","80","93.5","110.9","11.0","4","5.0%","42","52.5%",".333","",".569","",".413","","3174"
"Nicky Delmonico","CHW","11","7","93.5","110.2","10.1","0","0.0%","5","71.4%",".200","",".300","",".252","","13157"
"Kyle Schwarber","CHC","91","56","93.2","117.4","10.9","8","14.3%","27","48.2%",".241","",".434","",".314","","16478"
"Kyle Higashioka","NYY","16","10","93.2","109.5","27.7","0","0.0%","5","50.0%",".200","",".333","",".206","","5517"
"Mike Zunino","TBR","70","49","93.1","116.1","21.4","7","14.3%","24","49.0%",".224","",".418","",".281","","13265"
"Trevor Richards","MIA","10","4","93.1","99.5","-11.5","0","0.0%","2","50.0%",".100","",".100","",".087","","19309"
"Howie Kendrick","WSN","63","45","93.1","111.4","12.6","7","15.6%","25","55.6%",".314","",".608","",".404","","4229"
"Javier Baez","CHC","123","83","93.0","111.0","12.0","12","14.5%","44","53.0%",".302","",".612","",".385","","12979"
"Kendrys Morales","OAK","88","62","93.0","111.2","15.2","7","11.3%","33","53.2%",".162","",".216","",".237","","8610"
"Joc Pederson","LAD","110","72","93.0","112.2","13.7","10","13.9%","34","47.2%",".239","",".620","",".394","","11899"
"Brad Miller","CLE","40","26","92.9","110.3","17.1","2","7.7%","12","46.2%",".250","",".417","",".317","","12775"
"Byron Buxton","MIN","86","58","92.9","113.4","22.4","4","6.9%","28","48.3%",".250","",".463","",".315","","14161"
"Mitch Moreland","BOS","100","70","92.9","114.0","12.2","13","18.6%","37","52.9%",".213","",".539","",".337","","3086"
"Marcell Ozuna","STL","114","75","92.9","115.3","13.3","12","16.0%","33","44.0%",".260","",".610","",".387","","10324"
"George Springer","HOU","135","83","92.9","114.2","10.2","13","15.7%","48","57.8%",".274","",".564","",".383","","12856"
"Rowdy Tellez","TOR","86","51","92.8","115.2","14.1","8","15.7%","25","49.0%",".221","",".455","",".311","","15679"
"Troy Tulowitzki","NYY","13","7","92.8","108.8","17.6","0","0.0%","2","28.6%",".182","",".545","",".349","","3531"
"J.D. Martinez","BOS","120","89","92.7","111.6","12.8","10","11.2%","41","46.1%",".324","",".495","",".372","","6184"
"Jose Abreu","CHW","117","78","92.6","111.1","15.8","15","19.2%","45","57.7%",".279","",".500","",".353","","15676"
"Wil Myers","SDP","107","62","92.6","110.5","14.9","6","9.7%","27","43.5%",".248","",".446","",".308","","10047"
"Todd Frazier","NYM","30","19","92.6","106.9","23.8","2","10.5%","8","42.1%",".207","",".414","",".269","","785"
"Trevor Story","COL","131","86","92.5","109.0","18.6","6","7.0%","46","53.5%",".280","",".517","",".358","","12564"
"Jack Flaherty","STL","11","10","92.4","107.0","7.7","0","0.0%","3","30.0%",".125","",".125","",".109","","17479"
"Lucas Duda","KCR","56","34","92.4","107.4","26.6","6","17.6%","17","50.0%",".174","",".326","",".272","","2502"
"Ryan O'Hearn","KCR","99","60","92.4","111.2","13.0","6","10.0%","33","55.0%",".167","",".333","",".266","","16442"
"Franchy Cordero","SDP","20","9","92.4","102.3","19.5","0","0.0%","3","33.3%",".333","",".400","",".373","","14567"
"Renato Nunez","BAL","117","77","92.4","112.7","18.3","10","13.0%","35","45.5%",".266","",".477","",".330","","14503"
"Luke Voit","NYY","130","78","92.3","112.6","12.8","16","20.5%","33","42.3%",".275","",".523","",".387","","14811"
"Jay Bruce","SEA","103","59","92.2","109.2","22.3","11","18.6%","27","45.8%",".187","",".527","",".324","","9892"
"DJ LeMahieu","NYY","113","88","92.2","110.4","8.9","3","3.4%","44","50.0%",".310","",".430","",".337","","9874"
"Miguel Cabrera","DET","117","73","92.1","111.2","10.3","6","8.2%","38","52.1%",".282","",".359","",".316","","1744"
"Peter O'Brien","MIA","30","13","92.1","108.6","9.2","1","7.7%","6","46.2%",".111","",".222","",".192","","13288"
"Jason Martin","PIT","38","25","92.1","108.4","4.4","2","8.0%","13","52.0%",".229","",".286","",".256","","16429"
"Phil Gosselin","PHI","22","17","92.1","103.6","11.2","1","5.9%","7","41.2%",".227","",".273","",".213","","10953"
"Mike Ford","NYY","32","16","92.0","107.7","17.0","1","6.3%","8","50.0%",".167","",".333","",".302","","15585"
"Jorge Alfaro","MIA","83","46","91.9","113.7","5.4","5","10.9%","24","52.2%",".286","",".481","",".346","","12180"
"Max Kepler","MIN","102","73","91.9","112.5","16.8","7","9.6%","32","43.8%",".278","",".567","",".378","","12144"
"Avisail Garcia","TBR","104","66","91.9","115.4","10.2","10","15.2%","28","42.4%",".247","",".443","",".308","","5760"
"Matt Chapman","OAK","131","96","91.8","113.1","15.5","9","9.4%","38","39.6%",".282","",".564","",".390","","16505"
"Walker Buehler","LAD","12","7","91.8","104.5","11.2","1","14.3%","3","42.9%",".091","",".364","",".176","","19374"
"Hunter Pence","TEX","62","47","91.8","113.1","4.7","4","8.5%","19","40.4%",".304","",".518","",".363","","8252"
"Chris Davis","BAL","75","40","91.7","108.1","13.5","6","15.0%","21","52.5%",".176","",".353","",".255","","9272"
"Eric Thames","MIL","63","34","91.7","109.1","18.9","4","11.8%","17","50.0%",".273","",".564","",".375","","3711"
"Adam Wainwright","STL","12","5","91.7","97.6","16.3","0","0.0%","1","20.0%",".100","",".100","",".142","","2233"
"Jeff McNeil","NYM","116","89","91.7","107.2","13.2","3","3.4%","35","39.3%",".370","",".500","",".408","","15362"
"Matt Adams","WSN","54","33","91.7","112.1","12.2","6","18.2%","17","51.5%",".275","",".549","",".343","","9393"
"Daniel Vogelbach","SEA","93","52","91.7","112.7","18.9","7","13.5%","23","44.2%",".310","",".732","",".476","","14130"
"Tyler Austin","- - -","34","13","91.7","103.9","8.8","1","7.7%","6","46.2%",".286","",".321","",".337","","11850"
"Stephen Strasburg","WSN","12","7","91.6","103.1","-8.3","0","0.0%","4","57.1%",".091","",".182","",".159","","10131"
"Michael Perez","TBR","41","20","91.5","103.2","9.3","1","5.0%","9","45.0%",".257","",".371","",".326","","12977"
"J.D. Davis","NYM","74","51","91.5","114.7","9.8","6","11.8%","25","49.0%",".302","",".508","",".388","","16219"
"Nick Markakis","ATL","121","90","91.5","114.7","6.5","2","2.2%","41","45.6%",".330","",".476","",".371","","5930"
"Elias Diaz","PIT","16","14","91.5","108.3","6.6","0","0.0%","6","42.9%",".125","",".188","",".130","","11680"
"Rafael Devers","BOS","118","83","91.4","113.4","5.5","1","1.2%","37","44.6%",".294","",".373","",".335","","17350"
"Andrelton Simmons","LAA","124","110","91.4","108.8","10.5","4","3.6%","50","45.5%",".289","",".446","",".316","","10847"
"J.T. Realmuto","PHI","114","78","91.4","112.9","9.3","7","9.0%","35","44.9%",".280","",".440","",".334","","11739"
"Austin Meadows","TBR","83","56","91.4","115.4","16.6","7","12.5%","22","39.3%",".351","",".676","",".444","","15672"
"John Hicks","DET","54","36","91.3","112.5","13.9","3","8.3%","17","47.2%",".306","",".469","",".357","","12547"
"Dansby Swanson","ATL","112","74","91.3","108.4","11.2","9","12.2%","34","45.9%",".260","",".521","",".350","","18314"
"Ronny Rodriguez","DET","32","22","91.3","103.3","17.3","3","13.6%","11","50.0%",".276","",".690","",".391","","11875"
"Jung Ho Kang","PIT","81","47","91.3","111.1","11.2","4","8.5%","20","42.6%",".160","",".360","",".246","","17182"
"Mitch Garver","MIN","50","33","91.3","107.2","5.4","3","9.1%","16","48.5%",".348","",".761","",".468","","15161"
"Ryan McMahon","COL","76","47","91.3","112.9","11.2","2","4.3%","21","44.7%",".224","",".343","",".291","","15112"
"Justin Smoak","TOR","109","67","91.3","108.8","18.5","8","11.9%","29","43.3%",".264","",".462","",".365","","9054"
"Cole Tucker","PIT","38","24","91.2","105.9","6.6","1","4.2%","14","58.3%",".250","",".417","",".287","","17326"
"Kevan Smith","LAA","47","35","91.2","109.9","3.0","3","8.6%","14","40.0%",".268","",".415","",".338","","12284"
"Freddie Freeman","ATL","133","86","91.2","112.0","14.7","12","14.0%","40","46.5%",".300","",".500","",".392","","5361"
"Brandon Lowe","TBR","100","58","91.2","114.3","12.9","6","10.3%","27","46.6%",".289","",".567","",".377","","18882"
"Andrew McCutchen","PHI","131","76","91.2","109.4","11.1","7","9.2%","34","44.7%",".241","",".454","",".356","","9847"
"Yandy Diaz","TBR","114","77","91.2","112.2","3.9","8","10.4%","33","42.9%",".298","",".596","",".403","","16578"
"Bryan Reynolds","PIT","26","20","91.2","107.3","12.9","1","5.0%","9","45.0%",".423","",".731","",".476","","19326"
"Pete Alonso","NYM","123","72","91.1","118.3","12.5","14","19.4%","35","48.6%",".292","",".642","",".416","","19251"
"Eric Hosmer","SDP","120","83","91.1","108.4","7.8","6","7.2%","38","45.8%",".252","",".441","",".313","","3516"
"Ben Gamel","MIL","65","35","91.0","107.1","10.4","2","5.7%","13","37.1%",".273","",".418","",".345","","12160"
"Bryce Harper","PHI","129","66","91.0","114.3","12.1","8","12.1%","30","45.5%",".240","",".490","",".364","","11579"
"Jesse Winker","CIN","103","73","91.0","107.8","10.2","4","5.5%","29","39.7%",".228","",".511","",".338","","13590"
"Michael Conforto","NYM","129","76","90.9","112.2","18.7","10","13.2%","30","39.5%",".269","",".519","",".384","","16376"
"James McCann","CHW","60","43","90.9","112.0","15.5","1","2.3%","16","37.2%",".357","",".536","",".395","","12859"
"Mike Trout","LAA","119","72","90.9","116.6","17.5","13","18.1%","32","44.4%",".294","",".565","",".428","","10155"
"Daniel Descalso","CHC","86","55","90.8","104.9","14.3","3","5.5%","20","36.4%",".263","",".408","",".328","","8392"
"Austin Romine","NYY","47","36","90.8","110.7","11.9","2","5.6%","20","55.6%",".244","",".333","",".254","","5491"
"Ji-Man Choi","TBR","80","52","90.8","110.1","7.5","5","9.6%","22","42.3%",".299","",".463","",".369","","5452"
"Wilson Ramos","NYM","99","75","90.8","109.2","0.3","2","2.7%","34","45.3%",".247","",".303","",".266","","1433"
"Justin Turner","LAD","124","83","90.7","107.4","13.4","5","6.0%","37","44.6%",".279","",".337","",".321","","5235"
"Jose Ramirez","CLE","121","89","90.7","108.1","18.1","7","7.9%","30","33.7%",".181","",".276","",".248","","13510"
"Jason Castro","MIN","39","22","90.7","110.1","21.5","4","18.2%","9","40.9%",".194","",".419","",".339","","8722"
"Manny Machado","SDP","120","76","90.7","109.9","8.9","4","5.3%","32","42.1%",".236","",".368","",".304","","11493"
"JaCoby Jones","DET","56","32","90.7","109.0","16.8","3","9.4%","13","40.6%",".137","",".216","",".197","","14818"
"Nomar Mazara","TEX","108","79","90.7","112.1","9.6","7","8.9%","32","40.5%",".242","",".465","",".323","","14553"
"Marwin Gonzalez","MIN","86","57","90.7","107.7","8.6","4","7.0%","25","43.9%",".167","",".256","",".225","","5497"
"Ronald Guzman","TEX","28","16","90.6","109.1","16.8","4","25.0%","9","56.3%",".231","",".615","",".362","","14388"
"Evan Longoria","SFG","109","81","90.6","109.5","16.7","5","6.2%","37","45.7%",".212","",".375","",".262","","9368"
"Niko Goodrum","DET","98","59","90.6","109.4","14.4","8","13.6%","29","49.2%",".238","",".450","",".349","","12092"
"Max Moroff","CLE","34","16","90.5","106.8","27.4","1","6.3%","6","37.5%",".129","",".258","",".190","","14556"
"A.J. Pollock","LAD","115","82","90.5","107.0","12.0","4","4.9%","34","41.5%",".223","",".330","",".264","","9256"
"Michael Chavis","BOS","39","22","90.5","110.2","15.3","4","18.2%","8","36.4%",".313","",".625","",".439","","17321"
"Rougned Odor","TEX","69","36","90.5","111.7","20.6","1","2.8%","12","33.3%",".145","",".226","",".209","","12282"
"Enrique Hernandez","LAD","111","72","90.5","111.4","18.3","7","9.7%","31","43.1%",".258","",".505","",".350","","10472"
"Elvis Andrus","TEX","120","85","90.5","110.2","5.6","4","4.7%","36","42.4%",".361","",".583","",".422","","8709"
"Robinson Cano","NYM","108","78","90.4","112.1","13.7","8","10.3%","31","39.7%",".270","",".430","",".321","","3269"
"Tyler Flowers","ATL","59","35","90.4","108.6","16.8","4","11.4%","16","45.7%",".340","",".547","",".402","","9134"
"Amed Rosario","NYM","113","80","90.4","110.3","8.8","6","7.5%","36","45.0%",".274","",".406","",".305","","15518"
"Xander Bogaerts","BOS","123","82","90.4","111.7","17.6","5","6.1%","31","37.8%",".271","",".467","",".349","","12161"
"Yonder Alonso","CHW","100","69","90.4","107.8","16.9","6","8.7%","34","49.3%",".190","",".405","",".310","","2530"
"Alex Gordon","KCR","124","92","90.4","110.3","10.4","10","10.9%","38","41.3%",".301","",".544","",".388","","5209"
"Juan Soto","WSN","125","73","90.3","112.7","10.2","9","12.3%","32","43.8%",".248","",".467","",".357","","20123"
"Brandon Drury","TOR","106","63","90.3","112.5","12.4","10","15.9%","29","46.0%",".220","",".440","",".293","","11615"
"Adalberto Mondesi","KCR","126","86","90.3","108.4","14.2","9","10.5%","31","36.0%",".287","",".504","",".331","","13769"
"Kole Calhoun","LAA","121","77","90.3","108.4","15.3","10","13.0%","36","46.8%",".194","",".435","",".298","","11200"
"Daniel Robertson","TBR","88","53","90.3","105.7","6.6","0","0.0%","21","39.6%",".179","",".256","",".241","","14145"
"Jose Martinez","STL","82","63","90.2","110.4","10.3","4","6.3%","24","38.1%",".364","",".468","",".365","","7996"
"Jason Heyward","CHC","101","69","90.2","111.8","13.0","4","5.8%","28","40.6%",".309","",".506","",".389","","4940"
"Rhys Hoskins","PHI","128","71","90.2","107.2","23.8","6","8.5%","33","46.5%",".279","",".587","",".415","","16472"
"Nick Castellanos","DET","109","69","90.2","106.0","17.4","8","11.6%","29","42.0%",".273","",".455","",".330","","11737"
"Harrison Bader","STL","63","30","90.1","110.7","13.3","3","10.0%","11","36.7%",".224","",".429","",".353","","18030"
"Kurt Suzuki","WSN","53","41","90.1","107.3","16.7","1","2.4%","16","39.0%",".250","",".396","",".297","","8259"
"Ryan Cordell","CHW","42","25","90.1","109.2","16.6","3","12.0%","10","40.0%",".250","",".472","",".353","","15181"
"Madison Bumgarner","SFG","13","6","90.1","109.9","21.0","2","33.3%","3","50.0%",".231","",".462","",".283","","5524"
"Carlos Correa","HOU","116","74","90.1","112.8","11.3","10","13.5%","35","47.3%",".298","",".558","",".380","","14162"
"Ryon Healy","SEA","130","92","90.0","109.9","17.4","8","8.7%","33","35.9%",".233","",".474","",".320","","15447"
"Jackie Bradley Jr.","BOS","99","60","90.0","109.2","9.3","1","1.7%","24","40.0%",".148","",".182","",".189","","12984"
"Teoscar Hernandez","TOR","103","66","90.0","109.7","16.4","5","7.6%","26","39.4%",".217","",".337","",".269","","13066"
"Mike Tauchman","NYY","71","41","89.9","109.8","6.5","3","7.3%","15","36.6%",".177","",".387","",".287","","15274"
"Ian Desmond","COL","98","67","89.9","112.5","12.4","9","13.4%","27","40.3%",".196","",".370","",".252","","6885"
"Gleyber Torres","NYY","123","89","89.9","106.7","15.1","6","6.7%","41","46.1%",".272","",".465","",".319","","16997"
"Tom Murphy","SEA","30","16","89.9","102.9","26.7","0","0.0%","4","25.0%",".370","",".704","",".465","","13499"
"Tyler Naquin","CLE","73","49","89.9","110.5","13.3","3","6.1%","20","40.8%",".257","",".371","",".276","","13359"
"Brian Anderson","MIA","121","81","89.8","109.2","12.4","4","4.9%","39","48.1%",".243","",".336","",".296","","18289"
"Stephen Piscotty","OAK","136","91","89.8","111.2","15.2","8","8.8%","35","38.5%",".256","",".413","",".318","","13367"
"Kevin Newman","PIT","12","8","89.8","107.1","15.3","1","12.5%","5","62.5%",".273","",".364","",".304","","17696"
"Matt Carpenter","STL","125","74","89.8","108.9","26.4","5","6.8%","21","28.4%",".202","",".356","",".301","","8090"
"Russell Martin","LAD","27","18","89.8","107.5","15.3","1","5.6%","9","50.0%",".300","",".500","",".400","","4616"
"Eddie Rosario","MIN","112","87","89.8","107.8","17.0","13","14.9%","28","32.2%",".238","",".600","",".358","","12155"
"Pablo Sandoval","SFG","46","34","89.8","112.4","9.9","4","11.8%","17","50.0%",".283","",".587","",".353","","5409"
"Danny Santana","TEX","63","45","89.8","111.2","13.6","3","6.7%","23","51.1%",".339","",".542","",".371","","10322"
"Clint Frazier","NYY","73","54","89.8","107.4","14.9","6","11.1%","19","35.2%",".324","",".632","",".393","","15983"
"Ryan Braun","MIL","105","73","89.7","110.7","8.2","8","11.0%","31","42.5%",".196","",".381","",".267","","3410"
"Jesus Aguilar","MIL","92","62","89.7","110.3","14.1","5","8.1%","21","33.9%",".163","",".300","",".238","","11342"
"Kris Bryant","CHC","121","79","89.7","111.2","17.0","8","10.1%","30","38.0%",".230","",".420","",".336","","15429"
"Brandon Belt","SFG","114","70","89.7","106.5","25.2","10","14.3%","32","45.7%",".237","",".495","",".356","","10264"
"Vladimir Guerrero Jr.","TOR","17","10","89.6","106.8","-2.5","0","0.0%","4","40.0%",".214","",".286","",".296","","19611"
"Jordy Mercer","DET","51","36","89.6","106.7","16.3","4","11.1%","17","47.2%",".234","",".319","",".269","","6547"
"Roberto Perez","CLE","70","40","89.6","109.8","7.4","4","10.0%","20","50.0%",".213","",".344","",".275","","2900"
"Carson Kelly","ARI","53","38","89.6","105.2","11.6","0","0.0%","15","39.5%",".196","",".333","",".237","","13620"
"Mookie Betts","BOS","132","94","89.6","108.8","16.6","9","9.6%","38","40.4%",".295","",".527","",".380","","13611"
"Brandon Nimmo","NYM","105","51","89.6","109.9","16.7","2","3.9%","18","35.3%",".233","",".384","",".328","","12927"
"Steve Pearce","BOS","43","23","89.6","105.5","16.7","0","0.0%","5","21.7%",".103","",".128","",".141","","9957"
"Alex Verdugo","LAD","72","61","89.6","107.6","10.3","4","6.6%","23","37.7%",".333","",".623","",".404","","17027"
"Gio Urshela","NYY","66","50","89.6","106.9","13.6","1","2.0%","18","36.0%",".345","",".500","",".385","","10681"
"Kyle Hendricks","CHC","11","4","89.6","98.1","-11.3","0","0.0%","1","25.0%",".100","",".100","",".142","","12049"
"Ronald Acuna Jr.","ATL","128","80","89.5","114.3","12.0","6","7.5%","35","43.8%",".276","",".495","",".375","","18401"
"David Peralta","ARI","132","92","89.5","112.2","8.0","5","5.4%","37","40.2%",".317","",".537","",".368","","2136"
"JT Riddle","MIA","32","21","89.5","103.0","14.8","2","9.5%","6","28.6%",".156","",".344","",".203","","17642"
"Jason Kipnis","CLE","50","37","89.5","103.4","12.9","0","0.0%","14","37.8%",".200","",".222","",".232","","9776"
"Johan Camargo","ATL","71","52","89.5","108.1","17.2","1","1.9%","21","40.4%",".231","",".369","",".280","","14950"
"Starlin Castro","MIA","122","95","89.5","108.4","7.3","4","4.2%","40","42.1%",".248","",".336","",".280","","4579"
"Carlos Gonzalez","CLE","51","34","89.5","114.0","-1.2","3","8.8%","14","41.2%",".261","",".391","",".315","","7287"
"Buster Posey","SFG","97","73","89.5","107.3","11.3","4","5.5%","32","43.8%",".250","",".398","",".301","","9166"
"Paul Goldschmidt","STL","132","82","89.5","109.1","16.3","13","15.9%","32","39.0%",".259","",".517","",".360","","9218"
"Khris Davis","OAK","130","84","89.5","109.9","15.2","12","14.3%","31","36.9%",".218","",".487","",".314","","9112"
"Whit Merrifield","KCR","130","99","89.4","104.8","14.4","5","5.1%","36","36.4%",".288","",".483","",".342","","11281"
"Curtis Granderson","MIA","94","50","89.4","107.0","24.7","7","14.0%","17","34.0%",".188","",".400","",".291","","4747"
"Yasiel Puig","CIN","106","74","89.4","111.0","14.9","6","8.1%","26","35.1%",".192","",".354","",".242","","14225"
"Juan Lagares","NYM","63","38","89.4","108.6","1.6","1","2.6%","14","36.8%",".218","",".309","",".275","","5384"
"Melky Cabrera","PIT","88","74","89.4","109.9","10.8","2","2.7%","23","31.1%",".329","",".494","",".353","","4022"
"Dustin Pedroia","BOS","21","18","89.4","98.2","8.7","0","0.0%","4","22.2%",".100","",".100","",".116","","8370"
"Yolmer Sanchez","CHW","72","46","89.4","107.5","10.9","0","0.0%","17","37.0%",".234","",".266","",".258","","11602"
"Jake Marisnick","HOU","49","31","89.4","108.1","0.2","1","3.2%","15","48.4%",".267","",".467","",".335","","11339"
"Ketel Marte","ARI","125","93","89.3","114.3","10.2","8","8.6%","34","36.6%",".250","",".483","",".322","","13613"
"Fernando Tatis Jr.","SDP","111","69","89.3","110.1","8.8","9","13.0%","28","40.6%",".300","",".550","",".377","","19709"
"Mike Moustakas","MIL","102","69","89.3","112.9","22.7","11","15.9%","28","40.6%",".267","",".556","",".377","","4892"
"Michael Brantley","HOU","129","105","89.3","108.4","8.2","5","4.8%","39","37.1%",".331","",".517","",".374","","4106"
"Brett Gardner","NYY","120","91","89.3","106.0","15.3","2","2.2%","32","35.2%",".221","",".423","",".321","","9927"
"Hunter Renfroe","SDP","82","57","89.3","111.1","15.8","6","10.5%","21","36.8%",".240","",".573","",".349","","15464"
"Matt Joyce","ATL","30","19","89.2","104.4","22.1","3","15.8%","7","36.8%",".259","",".593","",".378","","3353"
"Yu Darvish","CHC","10","3","89.2","100.5","-6.7","0","0.0%","1","33.3%",".000","",".000","",".000","","13074"
"David Bote","CHC","74","50","89.2","113.8","8.0","4","8.0%","20","40.0%",".277","",".508","",".368","","14593"
"Gregory Polanco","PIT","29","20","89.2","108.8","15.6","0","0.0%","4","20.0%",".269","",".308","",".293","","12907"
"Travis Shaw","MIL","110","60","89.2","110.8","17.7","5","8.3%","25","41.7%",".194","",".347","",".267","","11982"
"Kevin Plawecki","CLE","33","21","89.2","103.2","21.1","1","4.8%","6","28.6%",".222","",".444","",".348","","13807"
"Ramon Laureano","OAK","117","75","89.1","111.6","12.5","8","10.7%","26","34.7%",".234","",".355","",".279","","17128"
"Ryan Zimmerman","WSN","86","58","89.1","110.0","9.1","1","1.7%","28","48.3%",".213","",".373","",".291","","4220"
"Socrates Brito","TOR","34","16","89.1","106.3","1.8","1","6.3%","8","50.0%",".067","",".133","",".152","","12944"
"Jorge Polanco","MIN","113","83","89.1","108.1","23.2","9","10.8%","36","43.4%",".320","",".600","",".406","","13152"
"Willy Adames","TBR","98","61","89.1","108.9","5.0","5","8.2%","25","41.0%",".200","",".300","",".248","","15986"
"Marcus Semien","OAK","139","105","89.0","106.0","12.4","5","4.8%","38","36.2%",".311","",".475","",".366","","12533"
"Christian Vazquez","BOS","79","58","89.0","105.7","15.4","4","6.9%","20","34.5%",".222","",".431","",".286","","9774"
"Kevin Kiermaier","TBR","103","73","89.0","110.5","6.1","5","6.8%","30","41.1%",".266","",".457","",".322","","11038"
"Jose Altuve","HOU","128","93","89.0","109.3","15.5","10","10.8%","39","41.9%",".248","",".513","",".349","","5417"
"Travis d'Arnaud","NYM","25","18","88.9","105.4","16.5","1","5.6%","5","27.8%",".087","",".087","",".125","","7739"
"Hanley Ramirez","CLE","57","32","88.9","113.8","6.3","2","6.3%","14","43.8%",".184","",".327","",".278","","8001"
"Anthony Rizzo","CHC","124","81","88.9","113.2","15.1","9","11.1%","27","33.3%",".228","",".485","",".365","","3473"
"Jesus Sucre","BAL","67","49","88.9","102.5","5.3","0","0.0%","13","26.5%",".210","",".242","",".231","","5942"
"Jonathan Villar","BAL","135","100","88.9","110.2","8.7","4","4.0%","38","38.0%",".262","",".402","",".314","","10071"
"Justin Bour","LAA","91","55","88.8","112.5","12.3","4","7.3%","22","40.0%",".175","",".325","",".264","","9744"
"John Ryan Murphy","ARI","41","23","88.8","109.5","21.0","3","13.0%","7","30.4%",".222","",".500","",".341","","10346"
"David Dahl","COL","89","55","88.8","107.1","12.6","10","18.2%","19","34.5%",".321","",".543","",".375","","13744"
"Willson Contreras","CHC","98","52","88.8","113.0","12.0","7","13.5%","22","42.3%",".288","",".625","",".427","","11609"
"Jake Cave","MIN","38","25","88.8","111.5","1.3","0","0.0%","7","28.0%",".206","",".235","",".242","","14477"
"Maikel Franco","PHI","118","92","88.8","114.1","19.3","9","9.8%","35","38.0%",".252","",".505","",".327","","12179"
"Joey Votto","CIN","110","66","88.7","106.9","21.2","6","9.1%","24","36.4%",".245","",".415","",".330","","4314"
"Corey Seager","LAD","126","83","88.7","109.7","16.6","5","6.0%","33","39.8%",".236","",".364","",".303","","13624"
"Jorge Soler","KCR","120","66","88.7","115.1","15.1","7","10.6%","26","39.4%",".227","",".482","",".316","","14221"
"Rio Ruiz","BAL","106","70","88.6","107.8","8.5","0","0.0%","28","40.0%",".228","",".315","",".284","","14103"
"Mikie Mahtook","DET","25","12","88.6","106.9","30.3","2","16.7%","3","25.0%",".000","",".000","",".055","","13130"
"Eugenio Suarez","CIN","115","74","88.6","110.1","13.6","8","10.8%","29","39.2%",".230","",".490","",".335","","12552"
"Eloy Jimenez","CHW","85","54","88.6","111.3","7.9","3","5.6%","20","37.0%",".241","",".380","",".289","","17484"
"Austin Dean","MIA","23","14","88.6","105.8","9.5","1","7.1%","3","21.4%",".227","",".455","",".266","","18288"
"Hernan Perez","MIL","56","31","88.6","111.8","14.6","1","3.2%","11","35.5%",".212","",".404","",".284","","5751"
"Mitch Haniger","SEA","142","88","88.6","108.3","16.0","8","9.1%","33","37.5%",".244","",".520","",".351","","14274"
"Odubel Herrera","PHI","69","52","88.6","112.8","13.6","4","7.7%","16","30.8%",".270","",".381","",".300","","11476"
"Welington Castillo","CHW","60","38","88.6","110.7","10.4","3","7.9%","17","44.7%",".204","",".367","",".320","","3256"
"Max Muncy","LAD","110","63","88.6","109.2","19.9","5","7.9%","23","36.5%",".247","",".462","",".337","","13301"
"Andrew Benintendi","BOS","118","78","88.5","107.7","15.2","5","6.4%","26","33.3%",".265","",".412","",".323","","17901"
"Neil Walker","MIA","88","59","88.5","106.2","10.5","5","8.5%","24","40.7%",".256","",".423","",".329","","7539"
"Albert Pujols","LAA","107","79","88.5","110.5","18.2","5","6.3%","34","43.0%",".220","",".396","",".306","","1177"
"Freddy Galvis","TOR","99","75","88.5","105.4","15.1","6","8.0%","28","37.3%",".313","",".510","",".352","","6609"
"Leury Garcia","CHW","111","75","88.5","106.8","7.0","3","4.0%","20","26.7%",".284","",".382","",".312","","5913"
"Jedd Gyorko","STL","22","10","88.5","103.5","24.7","0","0.0%","3","30.0%",".100","",".100","",".142","","10816"
"Chad Pinder","OAK","95","73","88.5","110.0","7.1","3","4.1%","23","31.5%",".281","",".449","",".321","","15191"
"Jonathan Lucroy","LAA","93","77","88.5","108.3","9.6","2","2.6%","32","41.6%",".256","",".349","",".288","","7870"
"Alex Bregman","HOU","122","80","88.5","105.9","22.3","4","5.0%","29","36.3%",".271","",".479","",".380","","17678"
"Mark Canha","OAK","53","28","88.5","107.8","27.3","2","7.1%","8","28.6%",".200","",".375","",".335","","11445"
"Guillermo Heredia","TBR","33","17","88.5","107.7","9.1","1","5.9%","4","23.5%",".160","",".320","",".292","","18721"
"Christin Stewart","DET","64","40","88.4","109.9","24.4","7","17.5%","15","37.5%",".222","",".519","",".332","","17714"
"Tommy La Stella","LAA","90","73","88.4","105.7","14.7","4","5.5%","24","32.9%",".250","",".539","",".372","","12371"
"Martin Maldonado","KCR","83","60","88.4","106.2","12.1","4","6.7%","19","31.7%",".176","",".257","",".232","","6887"
"Chris Owings","KCR","104","62","88.4","106.9","7.2","4","6.5%","19","30.6%",".156","",".271","",".215","","10030"
"Stevie Wilkerson","BAL","21","13","88.3","104.3","13.4","1","7.7%","7","53.8%",".190","",".381","",".233","","16041"
"Asdrubal Cabrera","TEX","89","61","88.3","106.8","17.1","3","4.9%","21","34.4%",".235","",".481","",".320","","4962"
"Randal Grichuk","TOR","119","76","88.3","111.4","14.5","7","9.2%","28","36.8%",".245","",".418","",".306","","10243"
"Drew Butera","COL","17","13","88.3","104.2","19.3","0","0.0%","5","38.5%",".200","",".333","",".250","","3411"
"Eduardo Escobar","ARI","124","83","88.3","106.5","13.8","4","4.8%","25","30.1%",".303","",".541","",".384","","6153"
"Tim Anderson","CHW","99","75","88.3","107.8","8.5","5","6.7%","27","36.0%",".375","",".615","",".420","","15172"
"Tucker Barnhart","CIN","78","49","88.2","104.7","11.8","3","6.1%","11","22.4%",".209","",".328","",".279","","10200"
"Omar Narvaez","SEA","101","67","88.2","106.1","18.7","4","6.0%","21","31.3%",".291","",".488","",".371","","13338"
"Yuli Gurriel","HOU","113","91","88.2","109.0","14.4","1","1.1%","30","33.0%",".240","",".375","",".284","","19198"
"Max Stassi","HOU","30","18","88.2","102.9","13.6","1","5.6%","6","33.3%",".103","",".207","",".146","","10059"
"Tim Beckham","SEA","122","73","88.2","108.6","10.6","4","5.5%","23","31.5%",".282","",".527","",".367","","7949"
"Jonathan Schoop","MIN","96","70","88.2","114.3","9.9","7","10.0%","27","38.6%",".267","",".489","",".335","","11265"
"Francisco Mejia","SDP","44","29","88.2","107.5","12.7","1","3.4%","7","24.1%",".146","",".220","",".190","","16403"
"Aledmys Diaz","HOU","41","34","88.2","109.9","7.2","2","5.9%","12","35.3%",".205","",".436","",".263","","15937"
"Jose Rondon","CHW","43","29","88.2","110.9","11.6","1","3.4%","11","37.9%",".268","",".463","",".320","","14140"
"Austin Hedges","SDP","68","46","88.2","108.6","18.0","5","10.9%","19","41.3%",".175","",".381","",".254","","12976"
"Paul DeJong","STL","129","95","88.2","109.7","18.0","12","12.6%","36","37.9%",".342","",".607","",".419","","18015"
"Scott Kingery","PHI","35","27","88.1","107.9","8.9","2","7.4%","8","29.6%",".406","",".719","",".485","","17975"
"Richard Urena","TOR","35","26","88.1","103.4","8.3","0","0.0%","8","30.8%",".313","",".406","",".316","","16411"
"Roman Quinn","PHI","27","11","88.1","102.3","13.1","0","0.0%","4","36.4%",".120","",".120","",".148","","13546"
"Domingo Santana","SEA","146","94","88.1","109.5","9.1","9","9.6%","35","37.2%",".292","",".485","",".356","","10348"
"C.J. Cron","MIN","88","64","88.1","113.6","15.2","6","9.4%","24","37.5%",".232","",".451","",".308","","12546"
"Trey Mancini","BAL","121","86","88.0","112.9","11.0","10","11.6%","33","38.4%",".355","",".618","",".420","","15149"
"Brandon Crawford","SFG","112","72","88.0","106.7","5.7","1","1.4%","24","33.3%",".198","",".218","",".225","","5343"
"Raimel Tapia","COL","72","46","88.0","105.6","13.0","2","4.3%","13","28.3%",".265","",".544","",".347","","14350"
"Greg Garcia","SDP","35","23","88.0","100.3","-0.6","0","0.0%","6","26.1%",".214","",".393","",".318","","10951"
"Tyler O'Neill","STL","34","20","88.0","111.6","19.3","0","0.0%","5","25.0%",".303","",".455","",".328","","15711"
"Jean Segura","PHI","83","65","88.0","109.8","5.1","2","3.1%","22","33.8%",".329","",".487","",".371","","5933"
"Yadier Molina","STL","114","100","88.0","103.8","10.5","2","2.0%","36","36.0%",".262","",".393","",".287","","7007"
"Delino DeShields","TEX","91","57","88.0","104.0","15.0","2","3.5%","16","28.1%",".192","",".301","",".292","","11379"
"Joe Panik","SFG","94","74","88.0","106.2","12.5","3","4.1%","21","28.4%",".202","",".274","",".246","","11936"
"Tyler Wade","NYY","52","27","87.9","106.9","4.2","0","0.0%","9","33.3%",".227","",".227","",".265","","15730"
"Ozzie Albies","ATL","132","100","87.8","108.7","12.4","8","8.0%","29","29.0%",".289","",".496","",".355","","16556"
"Luis Urias","SDP","29","13","87.8","103.5","6.7","1","7.7%","5","38.5%",".083","",".125","",".192","","16622"
"Joey Wendle","TBR","25","16","87.8","103.5","13.4","1","6.3%","6","37.5%",".136","",".182","",".205","","13853"
"Brian Dozier","WSN","101","58","87.8","106.6","10.4","4","6.9%","23","39.7%",".184","",".333","",".280","","9810"
"Dwight Smith Jr.","BAL","114","86","87.8","111.7","9.4","4","4.7%","29","33.7%",".276","",".486","",".338","","13473"
"Mark Reynolds","COL","67","30","87.8","109.1","14.3","3","10.0%","14","46.7%",".189","",".377","",".307","","7619"
"Rosell Herrera","MIA","58","43","87.7","108.2","9.0","0","0.0%","12","27.9%",".148","",".185","",".180","","11611"
"Danny Jansen","TOR","75","46","87.6","110.1","6.4","1","2.2%","16","34.8%",".182","",".242","",".232","","16535"
"Andrew Knapp","PHI","29","13","87.6","102.4","17.4","1","7.7%","3","23.1%",".174","",".261","",".287","","14942"
"Starling Marte","PIT","80","60","87.6","110.7","8.9","7","11.7%","26","43.3%",".200","",".400","",".267","","9241"
"Logan Forsythe","TEX","94","59","87.6","105.7","12.6","4","6.8%","21","35.6%",".278","",".468","",".359","","7185"
"Adam Eaton","WSN","126","90","87.6","109.9","16.8","2","2.2%","29","32.2%",".296","",".400","",".329","","11205"
"Jeimer Candelario","DET","114","69","87.5","113.9","17.0","4","5.8%","26","37.7%",".222","",".293","",".276","","13621"
"Leonys Martin","CLE","120","69","87.5","110.1","17.1","6","8.7%","24","34.8%",".221","",".404","",".313","","11846"
"Chris Iannetta","COL","33","15","87.5","109.0","4.8","2","13.3%","6","40.0%",".207","",".379","",".296","","8267"
"Zack Cozart","LAA","70","53","87.5","104.2","21.6","1","1.9%","13","24.5%",".109","",".125","",".132","","2616"
"Kyle Farmer","CIN","29","20","87.4","102.8","14.5","2","10.0%","7","35.0%",".200","",".560","",".333","","14813"
"Chad Wallach","MIA","34","21","87.4","105.1","15.0","2","9.5%","6","28.6%",".276","",".414","",".348","","17161"
"Edwin Encarnacion","SEA","125","78","87.3","112.7","19.0","8","10.3%","22","28.2%",".238","",".485","",".366","","2151"
"Matt Kemp","CIN","62","42","87.3","104.7","13.6","1","2.4%","12","28.6%",".200","",".283","",".208","","5631"
"Trevor Williams","PIT","11","6","87.3","91.9","-13.3","0","0.0%","0","0.0%",".111","",".111","",".156","","16977"
"Austin Barnes","LAD","87","58","87.2","107.9","13.3","4","6.9%","14","24.1%",".205","",".370","",".298","","12158"
"Adam Engel","CHW","45","25","87.2","110.5","11.2","2","8.0%","8","32.0%",".171","",".293","",".226","","15082"
"Manuel Margot","SDP","84","66","87.2","106.1","22.2","2","3.0%","22","33.3%",".253","",".386","",".272","","14712"
"Nolan Arenado","COL","129","109","87.2","107.1","16.9","5","4.6%","39","35.8%",".271","",".500","",".335","","9777"
"Francisco Lindor","CLE","38","29","87.2","113.5","15.4","1","3.4%","8","27.6%",".243","",".486","",".290","","12916"
"Jake Bauers","CLE","99","67","87.2","108.8","14.0","4","6.0%","19","28.4%",".241","",".379","",".304","","15194"
"Keon Broxton","NYM","45","22","87.1","109.4","4.5","0","0.0%","8","36.4%",".146","",".146","",".177","","9253"
"Lewis Brinson","MIA","82","49","87.1","112.1","14.2","3","6.1%","18","36.7%",".197","",".263","",".226","","14352"
"Adam Frazier","PIT","105","79","87.1","106.1","13.3","3","3.8%","23","29.1%",".258","",".344","",".301","","15223"
"Orlando Arcia","MIL","105","74","87.0","109.2","4.6","4","5.4%","22","29.7%",".235","",".398","",".282","","13185"
"Yan Gomes","WSN","70","43","87.0","107.1","13.1","2","4.7%","15","34.9%",".254","",".381","",".309","","9627"
"Pablo Reyes","PIT","39","22","87.0","111.4","17.2","0","0.0%","5","22.7%",".139","",".139","",".165","","16357"
"Albert Almora Jr.","CHC","76","57","86.9","109.6","7.2","1","1.8%","16","28.1%",".261","",".319","",".272","","14109"
"Robbie Grossman","OAK","89","60","86.9","103.7","17.2","1","1.7%","18","30.0%",".221","",".377","",".307","","5254"
"Eric Sogard","TOR","49","39","86.9","101.6","17.2","0","0.0%","11","28.2%",".395","",".698","",".476","","7927"
"Kolten Wong","STL","113","76","86.9","107.2","14.6","2","2.6%","20","26.3%",".272","",".467","",".363","","12532"
"Blake Swihart","- - -","42","26","86.9","106.6","5.6","2","7.7%","9","34.6%",".184","",".289","",".245","","13176"
"Jeff Mathis","TEX","51","33","86.9","105.5","18.3","1","3.0%","8","24.2%",".170","",".234","",".212","","3448"
"Martin Prado","MIA","73","60","86.8","103.6","6.9","0","0.0%","19","31.7%",".294","",".397","",".300","","3312"
"Josh Reddick","HOU","99","80","86.7","107.4","13.7","3","3.8%","24","30.0%",".352","",".484","",".377","","3892"
"Josh Phegley","OAK","68","51","86.7","103.1","28.7","2","3.9%","17","33.3%",".262","",".477","",".321","","9308"
"Daniel Murphy","COL","38","31","86.7","102.6","21.7","0","0.0%","8","25.8%",".242","",".515","",".358","","4316"
"Nick Ahmed","ARI","122","89","86.7","102.7","7.0","3","3.4%","23","25.8%",".259","",".402","",".294","","12147"
"David Freese","LAD","53","33","86.7","110.0","5.5","4","12.1%","13","39.4%",".233","",".465","",".361","","9549"
"Derek Dietrich","CIN","65","42","86.6","110.2","20.2","5","11.9%","10","23.8%",".204","",".537","",".348","","10542"
"Jake Arrieta","PHI","15","10","86.6","99.7","22.8","0","0.0%","3","30.0%",".077","",".077","",".067","","4153"
"Tyler White","HOU","55","27","86.5","111.4","5.7","1","3.7%","8","29.6%",".261","",".304","",".315","","15564"
"Nick Williams","PHI","40","24","86.5","109.9","11.8","2","8.3%","10","41.7%",".167","",".306","",".245","","14330"
"Colin Moran","PIT","63","44","86.5","109.9","13.6","4","9.1%","16","36.4%",".268","",".429","",".328","","16909"
"JB Shuck","PIT","56","37","86.5","104.0","0.7","0","0.0%","10","27.0%",".196","",".239","",".268","","6677"
"Erik Kratz","SFG","34","25","86.4","107.8","20.9","0","0.0%","8","32.0%",".133","",".300","",".237","","4403"
"Dominic Smith","NYM","34","21","86.4","100.9","15.6","0","0.0%","5","23.8%",".370","",".444","",".419","","15653"
"Ildemaro Vargas","ARI","40","33","86.4","105.6","2.0","1","3.0%","7","21.2%",".200","",".350","",".227","","13324"
"Willians Astudillo","MIN","53","50","86.4","106.9","11.1","3","6.0%","19","38.0%",".327","",".531","",".356","","15608"
"Max Scherzer","WSN","16","8","86.3","99.4","-8.8","0","0.0%","1","12.5%",".125","",".125","",".109","","3137"
"Eric Stamets","CLE","48","19","86.3","104.3","24.6","1","5.3%","4","21.1%",".049","",".073","",".118","","13795"
"Corey Dickerson","PIT","16","10","86.3","105.6","12.8","1","10.0%","4","40.0%",".154","",".462","",".327","","10762"
"Lorenzo Cain","MIL","133","100","86.3","110.0","6.9","6","6.0%","33","33.0%",".273","",".413","",".318","","9077"
"Robinson Chirinos","HOU","85","49","86.3","105.2","23.3","3","6.1%","15","30.6%",".261","",".493","",".357","","3142"
"Mark Zagunis","CHC","29","16","86.2","103.1","0.7","0","0.0%","7","43.8%",".250","",".357","",".270","","16565"
"Curt Casali","CIN","41","26","86.2","99.7","7.4","2","7.7%","7","26.9%",".289","",".421","",".326","","12510"
"Erik Gonzalez","PIT","59","40","86.2","112.8","3.7","0","0.0%","8","20.0%",".216","",".294","",".241","","13369"
"Jacob Stallings","PIT","11","8","86.1","97.3","6.0","0","0.0%","2","25.0%",".273","",".273","",".237","","13723"
"Brian Goodwin","LAA","95","62","86.1","111.4","16.6","5","8.1%","20","32.3%",".338","",".575","",".414","","12858"
"Dylan Moore","SEA","40","20","86.1","104.9","9.9","1","5.0%","6","30.0%",".200","",".314","",".275","","18042"
"Eduardo Nunez","BOS","46","37","86.1","109.6","8.7","0","0.0%","8","21.6%",".159","",".182","",".158","","6848"
"Scott Schebler","CIN","88","48","86.0","108.4","9.1","2","4.2%","11","22.9%",".135","",".243","",".241","","12225"
"Miguel Rojas","MIA","96","80","86.0","108.1","9.5","1","1.3%","17","21.3%",".276","",".345","",".297","","7802"
"Charlie Blackmon","COL","133","101","85.9","105.9","14.6","7","6.9%","37","36.6%",".279","",".459","",".332","","7859"
"Caleb Joseph","ARI","14","12","85.9","100.8","27.9","0","0.0%","4","33.3%",".214","",".286","",".211","","7087"
"Cameron Maybin","NYY","13","9","85.8","103.9","22.3","0","0.0%","3","33.3%",".364","",".364","",".374","","5223"
"Josh Harrison","DET","99","73","85.8","105.0","19.0","2","2.7%","20","27.4%",".156","",".233","",".197","","8202"
"Frank Schwindel","KCR","15","13","85.8","103.3","20.5","0","0.0%","3","23.1%",".067","",".067","",".058","","15351"
"Manny Pina","MIL","31","18","85.7","104.7","21.2","0","0.0%","4","22.2%",".154","",".192","",".237","","2829"
"Wilmer Flores","ARI","87","72","85.7","106.3","16.3","1","1.4%","17","23.6%",".241","",".329","",".274","","5827"
"Greg Allen","CLE","42","25","85.7","102.7","11.3","0","0.0%","6","24.0%",".105","",".158","",".149","","16623"
"Dee Gordon","SEA","119","95","85.6","102.4","12.4","0","0.0%","19","20.0%",".306","",".407","",".313","","8203"
"Brian McCann","ATL","48","37","85.6","108.2","4.8","3","8.1%","11","29.7%",".325","",".450","",".367","","4810"
"German Marquez","COL","14","10","85.6","98.8","21.6","0","0.0%","1","10.0%",".077","",".077","",".067","","15038"
"Ian Kinsler","SDP","91","66","85.6","103.5","19.4","0","0.0%","16","24.2%",".133","",".241","",".201","","6195"
"Terrance Gore","KCR","17","11","85.6","98.2","8.3","0","0.0%","2","18.2%",".438","",".625","",".458","","13658"
"Jameson Taillon","PIT","11","8","85.6","99.4","2.2","0","0.0%","1","12.5%",".250","",".250","",".217","","11674"
"Ben Zobrist","CHC","82","62","85.5","105.1","3.1","1","1.6%","14","22.6%",".239","",".254","",".269","","7435"
"Pat Valaika","COL","31","14","85.5","110.1","23.6","0","0.0%","2","14.3%",".074","",".111","",".156","","14885"
"Tzu-Wei Lin","BOS","17","11","85.5","99.6","0.3","0","0.0%","2","18.2%",".125","",".188","",".163","","14678"
"Grayson Greiner","DET","77","50","85.5","107.4","12.3","1","2.0%","16","32.0%",".222","",".375","",".277","","17062"
"Chris Archer","PIT","10","5","85.4","103.6","-2.3","0","0.0%","1","20.0%",".111","",".111","",".097","","6345"
"Jurickson Profar","OAK","112","88","85.4","108.2","10.2","5","5.7%","24","27.3%",".165","",".272","",".216","","10815"
"Francisco Cervelli","PIT","88","56","85.3","106.8","12.3","0","0.0%","12","21.4%",".175","",".238","",".222","","5275"
"Sean Rodriguez","PHI","15","11","85.3","105.1","17.3","1","9.1%","3","27.3%",".231","",".615","",".362","","6589"
"Greg Bird","NYY","41","19","85.3","108.0","7.8","1","5.3%","7","36.8%",".171","",".257","",".254","","14131"
"Steven Duggar","SFG","117","75","85.2","106.8","6.6","3","4.0%","23","30.7%",".222","",".361","",".265","","17719"
"Wilmer Difo","WSN","82","57","85.2","102.2","11.0","0","0.0%","15","26.3%",".247","",".356","",".286","","14320"
"Kelvin Gutierrez","KCR","12","9","85.2","110.6","-0.8","0","0.0%","3","33.3%",".364","",".364","",".347","","17468"
"Mallex Smith","SEA","110","65","85.2","102.8","4.9","1","1.5%","11","16.9%",".165","",".247","",".227","","13608"
"Cesar Hernandez","PHI","121","94","85.2","107.1","9.4","2","2.1%","24","25.5%",".266","",".394","",".308","","10556"
"Cole Hamels","CHC","10","9","85.1","97.4","11.6","0","0.0%","2","22.2%",".000","",".000","",".000","","4972"
"Peter Bourjos","LAA","46","30","85.1","109.8","20.9","1","3.3%","5","16.7%",".091","",".114","",".098","","2578"
"Zach Eflin","PHI","11","3","85.1","100.6","-2.7","0","0.0%","1","33.3%",".091","",".091","",".079","","13774"
"Victor Robles","WSN","114","73","85.0","110.3","21.9","4","5.5%","19","26.0%",".255","",".481","",".326","","18363"
"Billy McKinney","TOR","92","67","85.0","107.4","16.0","3","4.5%","20","29.9%",".229","",".337","",".265","","15654"
"Jon Gray","COL","14","6","84.9","105.7","-22.5","0","0.0%","1","16.7%",".083","",".083","",".072","","14916"
"Luis Guillorme","NYM","19","12","84.9","101.4","16.6","0","0.0%","2","16.7%",".167","",".167","",".174","","16451"
"Dexter Fowler","STL","94","60","84.8","111.1","10.0","1","1.7%","17","28.3%",".313","",".425","",".368","","4062"
"Hanser Alberto","BAL","74","64","84.8","101.8","9.8","1","1.6%","11","17.2%",".324","",".380","",".308","","11902"
"Isaac Galloway","MIA","38","32","84.8","105.7","13.6","1","3.1%","8","25.0%",".211","",".237","",".192","","5238"
"Tony Kemp","HOU","45","32","84.8","99.1","17.0","1","3.1%","4","12.5%",".179","",".333","",".266","","14894"
"Gerardo Parra","SFG","96","68","84.6","102.0","7.7","1","1.5%","15","22.1%",".188","",".259","",".230","","8553"
"Jake Lamb","ARI","18","9","84.5","100.6","9.0","0","0.0%","2","22.2%",".267","",".333","",".306","","13329"
"Dustin Peterson","DET","47","30","84.5","105.9","11.0","0","0.0%","11","36.7%",".227","",".318","",".259","","15189"
"Nick Hundley","OAK","44","33","84.5","108.6","15.8","0","0.0%","8","24.2%",".190","",".214","",".198","","3376"
"Adam Jones","ARI","126","95","84.3","106.0","12.9","6","6.3%","25","26.3%",".286","",".500","",".360","","6368"
"Brock Holt","BOS","19","9","84.3","94.5","-8.7","0","0.0%","0","0.0%",".063","",".063","",".156","","9345"
"Kevin Pillar","- - -","111","87","84.3","111.7","16.8","6","6.9%","21","24.1%",".204","",".379","",".249","","12434"
"Ehire Adrianza","MIN","42","30","84.3","106.9","13.1","1","3.3%","7","23.3%",".176","",".265","",".256","","8418"
"Caleb Smith","MIA","10","6","84.2","93.2","13.3","0","0.0%","0","0.0%",".111","",".111","",".097","","14875"
"David Fletcher","LAA","94","84","84.1","102.3","9.4","0","0.0%","19","22.6%",".307","",".409","",".323","","17992"
"Joey Rickard","BAL","95","61","84.1","102.2","20.0","1","1.6%","11","18.0%",".198","",".360","",".272","","13277"
"Tanner Roark","CIN","10","6","84.1","95.8","20.4","0","0.0%","1","16.7%",".100","",".100","",".087","","8753"
"Brandon Dixon","DET","19","11","84.1","108.1","14.5","1","9.1%","4","36.4%",".333","",".444","",".347","","15214"
"Garrett Hampson","COL","81","57","84.0","103.9","15.1","0","0.0%","11","19.3%",".182","",".273","",".200","","19262"
"Tony Wolters","COL","69","51","83.9","103.4","8.2","0","0.0%","10","19.6%",".267","",".367","",".295","","11470"
"Rocky Gale","LAD","14","7","83.9","92.9","12.0","0","0.0%","0","0.0%",".143","",".143","",".124","","10533"
"Yonathan Daza","COL","12","7","83.9","91.2","15.2","0","0.0%","0","0.0%",".000","",".000","",".058","","15794"
"Mike Freeman","CLE","19","10","83.9","99.3","5.3","0","0.0%","1","10.0%",".214","",".214","",".260","","11241"
"Cedric Mullins II","BAL","74","53","83.8","110.3","14.7","0","0.0%","8","15.1%",".094","",".156","",".159","","17929"
"Jordan Luplow","CLE","21","9","83.7","103.3","6.2","0","0.0%","4","44.4%",".222","",".222","",".264","","16424"
"Aaron Altherr","PHI","28","19","83.5","113.5","8.2","1","5.3%","5","26.3%",".037","",".074","",".068","","11270"
"Derek Holland","SFG","10","4","83.5","83.5","47.0","0","0.0%","0","0.0%",".111","",".111","",".097","","4141"
"Jose Iglesias","CIN","84","67","83.5","103.4","7.6","1","1.5%","11","16.4%",".304","",".392","",".310","","10231"
"Isiah Kiner-Falefa","TEX","59","36","83.4","102.0","-0.2","1","2.8%","7","19.4%",".200","",".240","",".258","","16512"
"Pedro Severino","BAL","47","32","83.3","110.8","13.4","4","12.5%","7","21.9%",".262","",".571","",".376","","14523"
"Chris Taylor","LAD","80","50","83.2","108.0","11.7","1","2.0%","11","22.0%",".171","",".257","",".235","","13757"
"Chris Paddack","SDP","10","4","83.1","95.1","-16.3","0","0.0%","1","25.0%",".000","",".000","",".000","","20099"
"Miguel Andujar","NYY","14","12","82.8","105.2","17.0","0","0.0%","4","33.3%",".231","",".231","",".186","","15878"
"Lane Thomas","STL","11","9","82.7","108.7","-8.0","1","11.1%","3","33.3%",".400","",".700","",".476","","16939"
"Lourdes Gurriel Jr.","TOR","44","28","82.7","106.6","15.3","2","7.1%","7","25.0%",".175","",".275","",".233","","19238"
"Steven Matz","NYM","10","7","82.5","100.4","-5.8","1","14.3%","1","14.3%",".111","",".111","",".097","","13361"
"Zach Davies","MIL","13","5","82.5","89.1","30.0","0","0.0%","0","0.0%",".083","",".083","",".120","","13183"
"Aaron Nola","PHI","11","5","82.4","90.7","-1.5","0","0.0%","0","0.0%",".000","",".000","",".138","","16149"
"Richie Martin","BAL","74","42","82.4","107.1","11.0","0","0.0%","12","28.6%",".164","",".209","",".209","","17736"
"Jarrod Dyson","ARI","75","53","82.2","102.3","2.1","1","1.9%","14","26.4%",".313","",".500","",".380","","4866"
"Julio Teheran","ATL","13","7","82.1","97.1","2.7","0","0.0%","2","28.6%",".000","",".000","",".000","","6797"
"Dakota Hudson","STL","10","8","82.0","92.1","-25.7","0","0.0%","0","0.0%",".000","",".000","",".000","","19206"
"Joey Lucchesi","SDP","10","3","81.9","89.6","-16.7","0","0.0%","0","0.0%",".000","",".000","",".000","","19320"
"Jose Peraza","CIN","92","70","81.9","105.5","20.9","1","1.4%","11","15.7%",".202","",".303","",".228","","13593"
"Zack Greinke","ARI","19","14","81.8","102.8","13.3","2","14.3%","3","21.4%",".375","","1.000","",".553","","1943"
"Patrick Corbin","WSN","13","6","81.7","97.7","1.8","0","0.0%","1","16.7%",".300","",".300","",".300","","9323"
"Dereck Rodriguez","SFG","13","6","81.7","98.7","11.3","0","0.0%","1","16.7%",".231","",".231","",".201","","14509"
"Yangervis Solarte","SFG","68","52","81.6","106.8","9.3","2","3.8%","10","19.2%",".238","",".365","",".272","","5352"
"Zack Godley","ARI","12","6","81.5","96.3","29.0","0","0.0%","1","16.7%",".273","",".273","",".275","","14862"
"Connor Joe","SFG","16","10","81.4","100.5","1.1","0","0.0%","3","30.0%",".067","",".067","",".097","","16572"
"Anibal Sanchez","WSN","12","6","81.1","94.3","-1.5","0","0.0%","0","0.0%",".083","",".083","",".072","","3284"
"Jon Berti","MIA","23","13","81.0","104.5","4.9","0","0.0%","5","38.5%",".158","",".158","",".203","","12037"
"Alen Hanson","TOR","45","25","81.0","99.5","5.2","0","0.0%","5","20.0%",".175","",".175","",".186","","12926"
"Daniel Palka","CHW","42","20","80.9","110.3","14.1","1","5.0%","3","15.0%",".029","",".029","",".136","","14897"
"Ender Inciarte","ATL","101","69","80.7","103.3","2.4","1","1.4%","13","18.8%",".233","",".356","",".287","","4922"
"Tim Locastro","ARI","16","6","80.5","104.0","-1.6","0","0.0%","1","16.7%",".364","",".364","",".439","","15124"
"Kenta Maeda","LAD","15","12","80.5","88.1","14.9","0","0.0%","0","0.0%",".167","",".333","",".203","","18498"
"Joshua Fuentes","COL","18","10","80.4","93.1","12.9","0","0.0%","0","0.0%",".111","",".111","",".097","","16885"
"Luke Maile","TOR","38","24","80.3","104.5","15.3","1","4.2%","8","33.3%",".147","",".265","",".212","","13355"
"Ross Stripling","LAD","13","8","80.2","93.1","-1.2","0","0.0%","0","0.0%",".100","",".100","",".142","","13273"
"Cam Gallagher","KCR","27","23","79.4","102.4","16.4","0","0.0%","4","17.4%",".154","",".154","",".154","","12981"
"Billy Hamilton","KCR","84","56","79.2","99.1","10.9","0","0.0%","4","7.1%",".216","",".284","",".259","","10199"
"Michael Wacha","STL","10","4","78.4","80.0","19.5","0","0.0%","0","0.0%",".000","",".000","",".000","","14078"
"Zack Wheeler","NYM","13","8","78.3","101.4","20.5","1","12.5%","2","25.0%",".308","",".615","",".377","","10310"
"Alex Jackson","ATL","11","7","78.2","87.9","29.3","0","0.0%","0","0.0%",".000","",".000","",".000","","17276"
"Sandy Leon","BOS","15","10","76.9","102.4","17.7","0","0.0%","2","20.0%",".154","",".231","",".233","","5273"
"Merrill Kelly","ARI","11","8","76.6","82.9","-22.0","0","0.0%","0","0.0%",".000","",".000","",".077","","11156"
"Jose Quintana","CHC","12","4","75.5","97.1","-21.0","0","0.0%","1","25.0%",".083","",".083","",".072","","11423"
"Christian Arroyo","TBR","15","4","75.3","90.7","4.3","0","0.0%","0","0.0%",".214","",".214","",".220","","16434"
"Miles Mikolas","STL","12","7","75.1","101.0","-7.4","0","0.0%","1","14.3%",".182","",".182","",".158","","9803"
"Luis Castillo","CIN","15","7","74.5","89.2","31.8","0","0.0%","0","0.0%",".071","",".071","",".062","","15689"
"Phillip Ervin","CIN","13","5","74.1","85.8","-6.0","0","0.0%","0","0.0%",".200","",".400","",".344","","14738"
"Yairo Munoz","STL","11","8","73.6","97.0","-8.1","0","0.0%","1","12.5%",".200","",".300","",".252","","16313"
"Robbie Ray","ARI","12","5","72.9","92.4","-37.2","0","0.0%","0","0.0%",".000","",".000","",".000","","11486"
"Kevin Gausman","ATL","11","2","71.6","79.7","-18.5","0","0.0%","0","0.0%",".091","",".091","",".079","","14107"
"Hyun-Jin Ryu","LAD","11","4","70.6","84.6","-21.5","0","0.0%","0","0.0%",".000","",".000","",".153","","14444"
